# {"t_start": 1585585018.7087429, "env_id": "MountainCarContinuous-v0"} 
r,l,t
-53.484264,999,1.160886
-52.196397,999,1.623409
-50.267475,999,2.164453
-53.220349,999,2.599379
-52.758762,999,3.079277
-50.489273,999,3.558115
-51.135247,999,4.041807
-49.176155,999,4.471535
-52.673511,999,4.950851
-50.069018,999,5.378439
-52.238636,999,5.85345
-51.856684,999,6.284376
-51.0621,999,6.762164
-50.398885,999,7.193654
-51.596228,999,7.669705
-53.493761,999,8.100441
-52.05976,999,8.574676
-50.912658,999,9.004175
-49.551191,999,9.485639
-48.235094,999,9.914297
-49.67189,999,10.392698
-50.641839,999,10.820142
71.224018,554,11.102403
-52.079962,999,11.53274
-52.758187,999,11.962947
-52.661045,999,12.438136
55.189623,833,12.798342
-50.916387,999,13.276244
60.649071,747,13.59699
-53.706302,999,14.07027
-53.392114,999,14.50038
-53.662134,999,14.978533
-54.218753,999,15.40766
-52.52624,999,15.884032
-54.998144,999,16.317013
-54.610372,999,16.792473
-54.83379,999,17.222632
-53.230985,999,17.698993
-54.089141,999,18.129161
-55.835597,999,18.612223
-56.299993,999,19.04262
-57.083489,999,19.522877
-57.414685,999,19.950608
57.886559,732,20.264079
-57.648626,999,20.739301
67.499656,595,20.995821
-55.72919,999,21.480639
-57.246079,999,21.908876
-55.361631,999,22.384299
-55.513165,999,22.81457
-57.02097,999,23.295733
-58.233675,999,23.725926
-57.483462,999,24.201193
-54.888677,999,24.636201
-52.918722,999,25.113533
55.513933,845,25.475319
-52.305077,999,25.903563
-52.595802,999,26.381671
-51.756413,999,26.811404
-51.913688,999,27.287598
-53.501462,999,27.717947
-52.879063,999,28.19914
-51.80593,999,28.629339
-52.538589,999,29.109426
63.29497,717,29.417171
-50.191659,999,29.892601
-51.427875,999,30.321407
-51.085345,999,30.798482
-49.557531,999,31.22536
-51.08426,999,31.782371
-50.70419,999,32.284581
57.463872,866,32.805724
-49.070437,999,33.428529
-47.345803,999,34.034522
-47.179396,999,34.557278
-49.315564,999,35.104411
-48.561194,999,35.532859
-49.697996,999,36.011401
-49.525714,999,36.439766
-50.713264,999,36.870064
-47.535333,999,37.348791
-48.438958,999,37.779628
-50.489438,999,38.260724
-50.20554,999,38.691893
-50.450949,999,39.16942
-49.069759,999,39.600181
-50.216014,999,40.077816
-49.712678,999,40.50798
-49.211859,999,40.984157
-48.634307,999,41.41858
-47.77851,999,41.896951
-48.79053,999,42.330229
-47.115153,999,42.805148
-47.749853,999,43.24015
-47.840337,999,43.716445
-48.681502,999,44.145094
-47.589498,999,44.621239
-46.61891,999,45.050149
-45.740888,999,45.527214
-45.955905,999,45.957682
-46.999559,999,46.434495
-47.753211,999,46.864794
-47.53799,999,47.345236
-43.215004,999,47.775572
-47.054228,999,48.256393
-45.974506,999,48.686052
-44.574084,999,49.163956
-42.789264,999,49.59435
-45.705577,999,50.07342
-44.766074,999,50.503621
-44.250424,999,50.981644
-45.715638,999,51.411317
-45.509861,999,51.88828
-45.767868,999,52.314897
-44.623501,999,52.795625
-45.072594,999,53.223479
-43.176651,999,53.713857
-43.374633,999,54.154569
-43.413156,999,54.632002
-44.425557,999,55.063865
-43.933229,999,55.494417
-41.825073,999,55.971349
-43.784022,999,56.402143
-45.199614,999,56.884597
-43.97363,999,57.314856
-43.406105,999,57.796897
-40.412432,999,58.240933
-42.415011,999,58.710731
-43.971808,999,59.158727
-43.000905,999,59.645473
-44.609254,999,60.0767
-43.233325,999,60.555633
-43.585841,999,60.986041
-42.794024,999,61.499401
-43.299126,999,61.928729
-40.789084,999,62.405135
-43.186127,999,62.849932
-41.020499,999,63.347107
-40.73739,999,63.79342
-42.867744,999,64.269745
-39.263387,999,64.699937
-42.310535,999,65.183733
-43.541722,999,65.61218
-42.161982,999,66.091948
-43.9553,999,66.520467
-42.382357,999,66.999606
-41.869582,999,67.428717
-41.830757,999,67.9059
-40.986505,999,68.337311
-42.117798,999,68.814709
-42.24773,999,69.246505
-39.627041,999,69.724241
-41.466827,999,70.154408
-41.164865,999,70.630995
-40.63172,999,71.059694
-40.592951,999,71.537764
-40.002236,999,71.968158
-41.281007,999,72.446214
-40.668042,999,72.876819
-39.912067,999,73.355084
-38.589587,999,73.783931
-40.098724,999,74.213519
-39.753397,999,74.689759
-40.311309,999,75.119429
-38.404037,999,75.601191
-38.563646,999,76.036583
-40.596591,999,76.517398
-37.975452,999,76.945311
-40.901643,999,77.423442
-40.436485,999,77.853163
-37.986771,999,78.327182
-38.026829,999,78.755936
-39.775059,999,79.23457
-38.049359,999,79.665485
-39.151565,999,80.143584
-39.904731,999,80.573319
-36.757169,999,81.051501
-37.871083,999,81.480619
-37.6496,999,81.95544
-39.773031,999,82.385175
-37.724842,999,82.859999
-37.853054,999,83.291955
-38.092544,999,83.76743
-38.243515,999,84.197785
-37.927223,999,84.690478
-36.290653,999,85.120782
-38.450415,999,85.599742
-39.619245,999,86.029466
-36.211324,999,86.505486
-36.811653,999,86.93582
-36.690112,999,87.413391
-36.182601,999,87.84339
-36.046963,999,88.322328
-35.747513,999,88.749094
-34.193378,999,89.223753
-36.731262,999,89.668244
-36.454085,999,90.146716
-36.809818,999,90.575595
-36.679671,999,91.052371
-34.668608,999,91.51127
-34.969306,999,91.989147
-36.579828,999,92.420279
-34.823203,999,92.849871
-35.459855,999,93.336441
-33.823585,999,93.808827
-36.397021,999,94.290579
-35.252775,999,94.720284
-33.578418,999,95.201343
-34.359094,999,95.629623
-34.334381,999,96.122061
-35.261421,999,96.550374
-33.523376,999,97.027437
-33.381548,999,97.457566
-34.124796,999,97.93504
-36.121335,999,98.36569
-32.879359,999,98.847106
-31.748524,999,99.277534
-33.93915,999,99.754234
-34.160817,999,100.185501
-34.3985,999,100.659542
-33.886199,999,101.089713
-34.347152,999,101.566382
-31.320418,999,101.997161
-34.930957,999,102.476765
-32.471133,999,102.906426
-34.243857,999,103.391398
-31.33967,999,103.818605
-35.156233,999,104.299207
-30.260651,999,104.727555
-34.149473,999,105.206503
-32.190932,999,105.636673
-33.432557,999,106.113653
-31.286004,999,106.544004
-33.098018,999,107.018809
-32.61607,999,107.448853
-31.564342,999,107.928109
-33.291423,999,108.358633
-33.2623,999,108.833128
-32.508222,999,109.264265
-32.47252,999,109.74072
-31.181078,999,110.171803
-32.139729,999,110.64731
-31.955466,999,111.077736
-31.580864,999,111.509439
-31.542454,999,111.985749
-30.558338,999,112.416147
-32.72032,999,112.89644
-29.073986,999,113.326096
-30.265648,999,113.807341
-31.495562,999,114.2384
-29.919587,999,114.716326
-29.769577,999,115.147696
-29.643278,999,115.621818
-31.603937,999,116.051155
-28.400206,999,116.526779
-29.941816,999,116.956204
-29.950486,999,117.434407
-27.962837,999,117.862937
-29.223054,999,118.34015
-30.358103,999,118.761042
-28.65873,999,119.245507
-28.739075,999,119.677922
-29.022061,999,120.156235
-30.089367,999,120.585431
-29.366287,999,121.062039
-29.09419,999,121.53381
-28.076621,999,122.015208
-27.339493,999,122.445004
-29.028618,999,122.922398
-29.942202,999,123.383865
-29.770254,999,123.879985
-27.791946,999,124.311581
-27.447022,999,124.789076
-26.768813,999,125.219928
-27.92444,999,125.697056
-28.91924,999,126.126472
-30.655788,999,126.604343
-28.90178,999,127.034252
-28.88145,999,127.511768
-27.419994,999,127.941576
-28.626625,999,128.418003
-28.592502,999,128.845989
-28.254127,999,129.323703
-25.850707,999,129.750721
-25.344557,999,130.180657
-27.442705,999,130.654948
-27.587559,999,131.085798
-27.253261,999,131.569143
-27.746696,999,131.998942
-26.131632,999,132.476544
-26.044453,999,132.905396
-26.44702,999,133.394537
-26.137204,999,133.824898
-24.379302,999,134.302229
-25.816737,999,134.731045
-26.070961,999,135.208846
-26.096447,999,135.637767
-25.710059,999,136.114314
-24.509811,999,136.545939
-24.728179,999,137.023452
-25.391098,999,137.455376
-25.539167,999,137.930487
-23.619961,999,138.360427
-24.050489,999,138.835929
-23.543594,999,139.267051
-25.709411,999,139.74227
-23.693524,999,140.171943
-24.444774,999,140.651871
-23.940239,999,141.083018
-23.473826,999,141.562973
-24.552473,999,141.992936
-21.866876,999,142.471774
-23.680343,999,142.899822
-25.835721,999,143.378364
-23.307688,999,143.80794
-25.041208,999,144.284419
-23.104818,999,144.71984
-22.192521,999,145.195214
-23.322212,999,145.622283
-22.537369,999,146.098635
-24.061194,999,146.528549
-23.079934,999,147.006841
-22.948968,999,147.43479
-21.166728,999,147.9112
-21.988564,999,148.340418
-23.584413,999,148.762914
-21.810134,999,149.244892
-22.962662,999,149.674226
-22.419703,999,150.157105
-22.573983,999,150.586651
-21.612634,999,151.064508
-21.715715,999,151.533374
-20.20825,999,152.008575
-23.680674,999,152.438612
-21.295937,999,152.913112
-21.807303,999,153.360611
-21.251051,999,153.868846
-21.150329,999,154.299657
-21.084044,999,154.776306
-22.350085,999,155.207264
-20.744378,999,155.683544
-21.17376,999,156.11236
-22.93963,999,156.589661
-20.737302,999,157.019913
-20.70415,999,157.498053
-20.094605,999,157.92783
-22.398079,999,158.402675
-22.384446,999,158.832921
-20.579284,999,159.313676
-21.184405,999,159.74262
-19.940534,999,160.22055
-19.898255,999,160.649928
-20.218376,999,161.129934
-20.157716,999,161.559279
-19.554997,999,162.035505
-19.907698,999,162.465275
-19.782963,999,162.941507
-20.476972,999,163.371954
-19.751902,999,163.849021
-20.628004,999,164.279745
-19.128728,999,164.75914
-20.346364,999,165.190576
-20.518077,999,165.66802
-17.888302,999,166.098761
-19.797952,999,166.577151
-19.455174,999,167.008011
-18.668064,999,167.43826
-18.412123,999,167.917472
-19.173147,999,168.349603
-18.536226,999,168.830322
-19.689531,999,169.259762
-19.026324,999,169.738368
-18.950958,999,170.168553
-17.87863,999,170.652268
-19.524134,999,171.082096
-19.101587,999,171.558426
-17.928973,999,171.988513
-19.099994,999,172.466076
-18.066108,999,172.897903
-20.034233,999,173.378465
-17.965825,999,173.809
-18.909359,999,174.286696
-18.098884,999,174.715163
-17.706472,999,175.193424
-18.272321,999,175.623893
-16.559216,999,176.102318
-17.41025,999,176.533615
-17.37481,999,177.009614
-16.780502,999,177.438728
-17.663548,999,177.923266
-17.915518,999,178.351996
-17.561482,999,178.822122
-16.746424,999,179.257492
-17.327053,999,179.732706
-17.394855,999,180.163267
-18.325498,999,180.637036
-18.379081,999,181.068486
-17.343923,999,181.584808
-17.120312,999,182.015347
-17.306552,999,182.491008
-17.358848,999,182.920689
-16.780671,999,183.448827
-15.946572,999,183.880565
-16.290644,999,184.358001
-16.64897,999,184.788283
-16.970581,999,185.266284
-16.147129,999,185.69547
-15.600618,999,186.125609
-15.184494,999,186.604474
-17.140727,999,187.034888
-15.260813,999,187.515706
-15.433483,999,187.944513
-15.216777,999,188.423306
-15.498767,999,188.853089
-15.471849,999,189.334043
-15.514305,999,189.764334
-13.781702,999,190.242512
-15.35656,999,190.671124
-15.721628,999,191.149041
-15.043568,999,191.581465
-16.292037,999,192.057422
-15.448123,999,192.487544
-15.498215,999,192.965619
-14.350419,999,193.398739
-15.630891,999,193.87696
-14.895157,999,194.309855
-15.024358,999,194.788833
-14.4075,999,195.218686
-16.080677,999,195.692311
-15.261266,999,196.122376
-14.627821,999,196.602163
-14.561565,999,197.030369
-14.907838,999,197.508694
-13.962644,999,197.938259
-14.501855,999,198.414688
-14.276837,999,198.844719
-14.335348,999,199.322583
-14.233218,999,199.752836
-14.183531,999,200.230445
-13.501274,999,200.657761
-13.098296,999,201.136924
-14.068924,999,201.565563
-14.510247,999,202.044596
-13.694573,999,202.476409
-14.593917,999,202.95387
-13.067282,999,203.384489
-13.164956,999,203.861141
-13.237153,999,204.291214
-13.483816,999,204.726447
-13.502941,999,205.203976
-13.366818,999,205.631535
-12.713322,999,206.113242
-13.250103,999,206.541197
-12.379872,999,207.021034
-13.321449,999,207.452874
-12.612759,999,207.93426
-12.429368,999,208.364618
-12.542392,999,208.835667
-12.717618,999,209.273067
-12.800692,999,209.763752
-13.284608,999,210.194672
-13.413368,999,210.672986
-12.634346,999,211.102565
-13.631798,999,211.619626
-12.369594,999,212.050145
-12.580238,999,212.524403
-12.348143,999,212.96758
-12.616399,999,213.479907
-12.686698,999,213.907635
-12.009731,999,214.385286
-12.46069,999,214.815126
-12.257115,999,215.29888
-12.119795,999,215.727893
-12.377851,999,216.207544
-12.863642,999,216.636052
-12.293449,999,217.113948
-11.385883,999,217.541674
-11.607662,999,218.016897
-12.242272,999,218.445749
-11.451403,999,218.923942
-10.956948,999,219.353943
-11.73008,999,219.831842
-12.522553,999,220.263448
-11.733839,999,220.738259
-11.180458,999,221.167689
-11.369605,999,221.646358
-11.695991,999,222.074117
-11.574759,999,222.551318
-12.26918,999,222.980651
-11.239891,999,223.411893
-11.074783,999,223.891404
-11.101683,999,224.323199
-10.989426,999,224.811845
-11.633794,999,225.241042
-9.861869,999,225.717049
-10.986941,999,226.148516
-10.719233,999,226.624184
-10.518018,999,227.054451
-10.947966,999,227.531747
-10.714381,999,227.968632
-10.819578,999,228.44925
-10.903091,999,228.880022
-11.304409,999,229.356642
-10.852159,999,229.785764
-11.110823,999,230.263684
-9.546811,999,230.693258
-10.659884,999,231.17132
-10.528312,999,231.60257
-11.083268,999,232.076166
-10.629544,999,232.506946
-11.039817,999,232.986614
-9.480327,999,233.416091
-10.79089,999,233.900284
-9.297451,999,234.355873
-9.729565,999,234.836612
-10.728222,999,235.257883
-10.187319,999,235.732575
-10.016334,999,236.155312
-9.914878,999,236.630137
-10.710851,999,237.058278
-9.887623,999,237.526301
-9.288259,999,237.954578
-9.196873,999,238.423389
-9.433503,999,238.863416
-9.605789,999,239.346943
-9.797342,999,239.781002
-9.468417,999,240.257513
-10.053227,999,240.686818
-9.57762,999,241.166763
-8.881262,999,241.635759
-9.49303,999,242.064932
-9.321394,999,242.542539
-8.885209,999,242.977386
-9.224624,999,243.502597
-9.835161,999,243.937277
-9.56606,999,244.415693
-9.12986,999,244.846338
-9.556535,999,245.347974
-8.970801,999,245.775199
-8.394291,999,246.252001
-8.726367,999,246.681585
-9.261152,999,247.162581
-9.080291,999,247.593307
-8.854543,999,248.069489
-8.62098,999,248.503937
-8.122827,999,248.987955
-8.767468,999,249.41897
-9.148354,999,249.897846
-8.577063,999,250.326769
-8.450955,999,250.80604
-8.937188,999,251.235611
-8.818975,999,251.713285
-8.782716,999,252.147344
-8.991827,999,252.631094
-8.592844,999,253.063377
-7.847696,999,253.543354
-8.84633,999,253.971323
-8.775693,999,254.449457
-8.967548,999,254.886664
-8.641515,999,255.36345
-8.101802,999,255.794841
-9.01878,999,256.270621
-8.112744,999,256.713628
-8.266015,999,257.191299
-8.809905,999,257.622039
-8.292678,999,258.101494
-7.977394,999,258.532357
-8.558709,999,259.013871
-8.361323,999,259.446907
-8.165966,999,259.9224
-7.503513,999,260.351323
-8.048834,999,260.786393
-7.79203,999,261.26185
-7.358428,999,261.688442
-7.928641,999,262.177325
-7.678014,999,262.606702
-7.55944,999,263.085849
-7.807723,999,263.515677
-8.189066,999,264.000076
-7.790231,999,264.43643
-7.83397,999,264.916888
-7.788192,999,265.345339
-7.732552,999,265.8188
-7.324524,999,266.249595
-7.423862,999,266.726478
-7.163924,999,267.15988
-7.631892,999,267.63736
-7.963736,999,268.074206
-7.321091,999,268.550429
-7.726421,999,268.999597
-7.473928,999,269.48887
-7.321835,999,269.922076
-7.081172,999,270.39884
-7.488242,999,270.828876
-7.249408,999,271.307725
-7.030715,999,271.774999
-6.983975,999,272.253289
-7.281314,999,272.682389
-7.079316,999,273.165274
-7.485452,999,273.642123
-7.437942,999,274.125495
-7.263418,999,274.554715
-7.253974,999,275.030722
-7.051415,999,275.460294
-7.382339,999,275.941443
-7.218521,999,276.37151
-7.80118,999,276.850576
-6.624894,999,277.281533
-6.703544,999,277.758373
-6.952183,999,278.187687
-7.292497,999,278.66808
-7.014164,999,279.105364
-6.877663,999,279.535074
-6.676523,999,280.021751
-6.517988,999,280.450575
-6.935782,999,280.944659
-6.807066,999,281.375193
-6.537884,999,281.860514
-6.905997,999,282.287727
-6.415645,999,282.782166
-6.30448,999,283.21183
-6.048494,999,283.688699
-6.382157,999,284.118884
-6.523915,999,284.594374
-6.418505,999,285.030023
-6.355065,999,285.508404
-6.477863,999,285.94058
-6.804475,999,286.415238
-6.274632,999,286.845125
-6.837148,999,287.322612
-6.298827,999,287.752605
-6.582694,999,288.236108
-6.228392,999,288.665678
-6.73005,999,289.147156
-6.195097,999,289.576297
-6.159434,999,290.056963
-6.175578,999,290.487511
-6.310753,999,290.973046
-6.420367,999,291.403753
-5.759119,999,291.884718
-6.53439,999,292.326624
-6.159189,999,292.81751
-5.749482,999,293.246048
-5.780435,999,293.730421
-5.965574,999,294.158487
-5.772758,999,294.636127
-5.859832,999,295.067416
-5.553665,999,295.540743
-5.831135,999,295.968349
-6.090943,999,296.445779
-5.917629,999,296.8811
-5.692172,999,297.35837
-5.669457,999,297.792096
-6.04347,999,298.222357
-5.848896,999,298.700858
-5.5481,999,299.123701
-5.968027,999,299.619433
-6.008804,999,300.053905
-5.20498,999,300.541173
-5.176297,999,300.974692
-5.528605,999,301.493545
-5.481519,999,301.922201
-5.032951,999,302.398624
-5.447847,999,302.835192
-5.561073,999,303.321729
-5.420753,999,303.795168
-5.534068,999,304.273803
-5.383058,999,304.717599
-5.186816,999,305.193568
-4.808699,999,305.623273
-5.256753,999,306.10534
-5.036989,999,306.534915
-5.362209,999,307.013298
-5.081393,999,307.441832
-5.087713,999,307.917317
-4.656768,999,308.347645
-5.330328,999,308.837688
-5.194001,999,309.267618
-5.178169,999,309.747588
-4.537299,999,310.182043
-4.809689,999,310.657991
-5.115863,999,311.086552
-4.695621,999,311.564039
-5.056311,999,311.998552
-4.85982,999,312.474927
-4.8693,999,312.9056
-4.833569,999,313.381427
-4.834979,999,313.812953
-5.204925,999,314.28869
-5.402777,999,314.716585
-5.006623,999,315.203231
-5.043336,999,315.633048
-4.881862,999,316.123457
-4.722582,999,316.553777
-4.680546,999,316.996597
-4.735384,999,317.472414
-4.727345,999,317.905491
-4.628738,999,318.388129
-4.760047,999,318.819582
-4.665509,999,319.298255
-4.408522,999,319.727321
-4.538196,999,320.214704
-4.462877,999,320.646556
-4.585056,999,321.124627
-4.402324,999,321.553599
-4.764278,999,322.033455
-4.660466,999,322.463448
-4.669872,999,322.939154
-4.40158,999,323.3691
-4.372575,999,323.856079
-4.717465,999,324.28689
-4.529849,999,324.777419
-4.532626,999,325.206238
-4.363695,999,325.68045
-4.486098,999,326.106136
-4.346018,999,326.584899
-4.393383,999,327.023718
-4.164051,999,327.506034
-4.557946,999,327.938338
-4.1927,999,328.418842
-4.341383,999,328.856468
-4.089893,999,329.339898
-4.458714,999,329.773304
-4.215161,999,330.249333
-4.395246,999,330.679795
-4.306787,999,331.161633
-4.008777,999,331.629385
-4.263647,999,332.106266
-3.991438,999,332.536833
-4.505167,999,333.017767
-3.843192,999,333.494478
-4.012703,999,333.977294
-3.857333,999,334.405064
-4.35889,999,334.881608
-4.187262,999,335.310174
-4.114947,999,335.745315
-3.909981,999,336.222109
-3.832401,999,336.653783
-4.162255,999,337.140775
-4.43156,999,337.571036
-3.643736,999,338.0506
-4.015183,999,338.480595
-4.037499,999,338.962946
-3.788228,999,339.393412
-3.889112,999,339.873359
-3.750726,999,340.304531
-4.194949,999,340.792164
-3.84127,999,341.222197
-3.789623,999,341.699495
-3.790427,999,342.131389
-3.897256,999,342.610333
-3.659997,999,343.042859
-3.9402,999,343.518439
-3.426742,999,343.947409
-3.768141,999,344.423176
-3.743039,999,344.859759
-3.589798,999,345.338266
-3.577919,999,345.771304
-3.9848,999,346.251675
-3.613289,999,346.680555
-3.686952,999,347.157685
-3.412552,999,347.587901
-3.765463,999,348.070232
-3.445941,999,348.501651
-3.607212,999,348.980477
-3.494105,999,349.410046
-3.651664,999,349.883248
-3.63617,999,350.314128
-3.501831,999,350.798499
-3.44717,999,351.227258
-3.584054,999,351.704516
-3.543379,999,352.141369
-3.630065,999,352.617383
-3.560022,999,353.063633
-3.478574,999,353.541214
-3.190306,999,353.975621
-3.314269,999,354.404939
-3.414448,999,354.885565
-3.105371,999,355.315052
-3.325406,999,355.79509
-3.551763,999,356.224275
-3.158755,999,356.703396
-3.084272,999,357.136261
-3.096201,999,357.62168
-3.190703,999,358.056674
-3.379088,999,358.532288
-3.316701,999,358.954056
-3.160783,999,359.443175
-3.375433,999,359.907031
-3.258343,999,360.381644
-3.288327,999,360.818046
-2.911918,999,361.320207
-2.952295,999,361.910576
-3.167583,999,362.487312
-3.194512,999,363.107331
-3.11841,999,363.826706
-3.160832,999,364.38643
-3.214026,999,364.882714
-3.111361,999,365.311604
-3.020137,999,365.797617
-3.17052,999,366.227517
-3.271972,999,366.71008
-3.019104,999,367.142942
-3.435824,999,367.618974
-3.012629,999,368.049531
-3.128277,999,368.5338
-3.018651,999,368.965758
-2.965432,999,369.445132
-3.090945,999,369.880735
-2.866476,999,370.354301
-3.18783,999,370.778737
-3.169225,999,371.25399
-2.681031,999,371.686596
-2.798933,999,372.166246
-2.994815,999,372.597052
-2.980105,999,373.077591
-3.246237,999,373.508049
-2.916111,999,373.945477
-2.763001,999,374.423382
-2.734266,999,374.862342
-2.999584,999,375.344141
-2.687129,999,375.780624
-2.890344,999,376.269737
-2.817018,999,376.700272
-2.921803,999,377.193654
-2.91293,999,377.622146
-2.792222,999,378.103764
-2.857638,999,378.530916
-2.731807,999,379.011412
-2.747467,999,379.442953
-2.651899,999,379.917455
-2.848264,999,380.346559
-2.711561,999,380.831993
-2.792483,999,381.262461
-2.762737,999,381.744011
-2.466615,999,382.171102
-2.527762,999,382.649492
-2.780137,999,383.078683
-2.671774,999,383.557559
-2.6123,999,383.994815
-2.694335,999,384.491358
-2.552114,999,384.926577
-2.668163,999,385.405564
-2.493637,999,385.833109
-2.438059,999,386.310705
-2.595724,999,386.740583
-2.602928,999,387.22412
-2.566065,999,387.655384
-2.569656,999,388.139691
-2.392146,999,388.570886
-2.490507,999,389.059067
-2.43893,999,389.500462
-2.580887,999,389.981872
-2.358841,999,390.407889
-2.653637,999,390.88902
-2.463297,999,391.3183
-2.495652,999,391.833253
-2.507744,999,392.263738
-2.288019,999,392.695338
-2.324153,999,393.178488
-2.484444,999,393.653933
-2.461677,999,394.142612
-2.369671,999,394.573654
-2.319989,999,395.05476
-2.363459,999,395.485181
-2.121669,999,395.978905
-2.168732,999,396.409678
-2.418097,999,396.89385
-2.198776,999,397.32338
-2.108711,999,397.797424
-2.199724,999,398.228168
-2.330209,999,398.705682
-2.327624,999,399.146386
-2.226612,999,399.621413
-2.401942,999,400.054582
-2.109675,999,400.533865
-2.433001,999,400.979862
-2.30963,999,401.456585
-2.134304,999,401.88801
-2.331525,999,402.36301
-2.074916,999,402.796598
-2.100901,999,403.278511
-2.231341,999,403.708288
-2.261425,999,404.186891
-2.162488,999,404.618996
-2.212508,999,405.101353
-2.207942,999,405.528882
-2.210301,999,406.005572
-2.292875,999,406.436277
-1.94863,999,406.910224
-2.11789,999,407.33898
-2.185342,999,407.821581
-2.116036,999,408.249967
-2.056996,999,408.726923
-1.967854,999,409.159715
-1.85972,999,409.635805
-2.097882,999,410.064254
-2.066044,999,410.538931
-2.072448,999,410.971202
-2.094447,999,411.400044
-2.073939,999,411.881164
-2.097324,999,412.315432
-1.975513,999,412.818397
-1.956162,999,413.245182
-1.99811,999,413.727244
-2.066956,999,414.162673
-2.005358,999,414.637956
-1.834845,999,415.069912
-1.902824,999,415.542546
-1.920651,999,415.976392
-1.950691,999,416.460425
-1.979138,999,416.891806
-1.897285,999,417.370313
-1.846627,999,417.802689
-1.891731,999,418.278934
-1.952523,999,418.708063
-1.819165,999,419.178634
-1.927226,999,419.621559
-1.790011,999,420.107987
-2.01223,999,420.548382
-1.895141,999,421.042696
-1.909671,999,421.521153
-1.905404,999,422.001755
-1.89319,999,422.430842
-1.833457,999,422.925824
-1.82592,999,423.368406
-1.866682,999,423.882491
-1.731238,999,424.313024
-1.80172,999,424.805263
-1.755544,999,425.243689
-1.845975,999,425.738096
-1.871653,999,426.178263
-1.869713,999,426.667367
-1.748417,999,427.109692
-1.787094,999,427.595814
-1.861379,999,428.0394
-1.598048,999,428.529508
-1.63235,999,428.985274
-1.648197,999,429.474516
-1.769229,999,429.925423
-1.686597,999,430.36808
-1.690991,999,430.861145
-1.784196,999,431.304658
-1.613842,999,431.811666
-1.775882,999,432.256461
-1.687234,999,432.760881
-1.685421,999,433.218505
-1.617579,999,433.695184
-1.620998,999,434.12457
-1.576929,999,434.600927
-1.570952,999,435.042867
-1.550096,999,435.536252
-1.583211,999,435.990718
-1.616301,999,436.487315
-1.642363,999,436.947307
-1.526826,999,437.441728
-1.56403,999,437.893811
-1.478181,999,438.388135
-1.595724,999,438.839706
-1.588313,999,439.334097
-1.531505,999,439.78121
-1.41335,999,440.276902
-1.447858,999,440.724702
-1.531472,999,441.225166
-1.490721,999,441.672899
-1.427224,999,442.178102
-1.507369,999,442.623726
-1.574346,999,443.11742
-1.502131,999,443.565531
-1.421832,999,444.068202
-1.534894,999,444.524058
-1.492782,999,445.022775
-1.494466,999,445.469371
-1.504741,999,445.963568
-1.462951,999,446.410344
-1.366193,999,446.912663
-1.494434,999,447.359626
-1.539356,999,447.863872
-1.542063,999,448.315209
-1.418133,999,448.844772
-1.396085,999,449.29148
-1.489328,999,449.749469
-1.313725,999,450.245727
-1.578701,999,450.692848
-1.399871,999,451.194639
-1.486988,999,451.666207
-1.374114,999,452.147023
-1.501096,999,452.573667
-1.330566,999,453.056821
-1.376433,999,453.534048
-1.342662,999,454.005931
-1.278411,999,454.438195
-1.335784,999,454.914601
-1.342206,999,455.344636
-1.452621,999,455.819404
-1.491125,999,456.249065
-1.36734,999,456.733823
-1.260344,999,457.163949
-1.375239,999,457.642003
-1.398705,999,458.070643
-1.340891,999,458.553458
-1.391748,999,458.982935
-1.268667,999,459.460207
-1.339256,999,459.888966
-1.309469,999,460.373263
-1.324525,999,460.817185
-1.280431,999,461.319601
-1.276886,999,461.767225
-1.374946,999,462.262786
-1.278887,999,462.709477
-1.298964,999,463.213064
-1.146235,999,463.663515
-1.193293,999,464.164703
-1.190108,999,464.622288
-1.342181,999,465.135005
-1.239684,999,465.589388
-1.18776,999,466.084077
-1.30014,999,466.533297
-1.189879,999,467.028873
-1.272122,999,467.476602
-1.20781,999,467.973315
-1.234604,999,468.41981
-1.210635,999,468.867132
-1.244072,999,469.361536
-1.253179,999,469.810872
-1.125393,999,470.312508
-1.126855,999,470.759974
-1.143964,999,471.263827
-1.273026,999,471.693501
-1.179916,999,472.171774
-1.21444,999,472.603941
-1.05835,999,473.081125
-1.121562,999,473.51108
-1.19395,999,473.984737
-1.205313,999,474.416386
-1.119617,999,474.893917
-1.117296,999,475.327952
-1.139105,999,475.810207
-1.047291,999,476.267242
-1.149189,999,476.762417
-1.233131,999,477.209406
-1.07531,999,477.705075
-1.031814,999,478.153411
-1.063421,999,478.649022
-1.149121,999,479.103644
-1.054469,999,479.616532
-0.984882,999,480.064454
-1.110213,999,480.566314
-1.064965,999,481.014432
-1.105198,999,481.546006
-1.09164,999,481.976369
-1.129533,999,482.453784
-1.105105,999,482.882933
-1.044217,999,483.372978
-1.097888,999,483.840237
-1.055446,999,484.316691
-1.041717,999,484.747836
-1.071786,999,485.223857
-1.184419,999,485.650171
-1.020218,999,486.124713
-1.034745,999,486.562401
-0.968121,999,487.049747
-1.036843,999,487.489583
-1.004025,999,487.91989
-1.023903,999,488.396875
-1.019044,999,488.831017
-0.997213,999,489.316833
-0.989991,999,489.750693
-0.967738,999,490.232354
-0.94245,999,490.662907
-0.909141,999,491.137931
-0.999823,999,491.56926
-0.908535,999,492.053782
-0.893357,999,492.484251
-0.941048,999,492.963695
-0.948361,999,493.392649
-0.912446,999,493.867353
-1.027195,999,494.296147
-0.98589,999,494.78147
-0.952442,999,495.223386
-0.977131,999,495.697993
-0.952143,999,496.126392
-0.852613,999,496.602428
-0.881647,999,497.038521
-0.927951,999,497.516975
-0.88788,999,497.957682
-0.927111,999,498.439332
-0.928837,999,498.870077
-0.929731,999,499.348359
-0.953438,999,499.778982
-0.871659,999,500.253852
-0.869842,999,500.683664
-0.905077,999,501.163594
-0.838535,999,501.592666
-0.851246,999,502.071709
-0.8522,999,502.5007
-0.850001,999,502.976829
-0.873804,999,503.406432
-0.872756,999,503.88575
-0.876585,999,504.317859
-0.834989,999,504.806263
-0.880623,999,505.234792
-0.844812,999,505.711124
-0.799434,999,506.141136
-0.903042,999,506.572667
-0.860369,999,507.051383
-0.884684,999,507.481106
-0.832447,999,507.966959
-0.818064,999,508.399296
-0.873958,999,508.888115
-0.812214,999,509.320293
-0.746201,999,509.828486
-0.75808,999,510.257584
-0.804323,999,510.744276
-0.861925,999,511.177364
-0.881889,999,511.693449
-0.799766,999,512.121025
-0.827882,999,512.59887
-0.831601,999,513.032293
-0.846459,999,513.556184
-0.798987,999,514.015821
-0.765304,999,514.492595
-0.834644,999,514.918485
-0.786453,999,515.396498
-0.73024,999,515.833295
-0.76922,999,516.306262
-0.792942,999,516.738162
-0.751398,999,517.214011
-0.783979,999,517.642668
-0.8821,999,518.123308
-0.75158,999,518.552424
-0.758724,999,519.035199
-0.717578,999,519.466025
-0.742822,999,519.946531
-0.778258,999,520.373203
-0.773655,999,520.849697
-0.752205,999,521.281316
-0.710172,999,521.784019
-0.694797,999,522.21006
-0.75933,999,522.685484
-0.765897,999,523.118124
-0.742474,999,523.590524
-0.673479,999,524.0202
-0.782784,999,524.497248
-0.712456,999,524.933553
-0.713598,999,525.362187
-0.705692,999,525.843987
-0.778614,999,526.27101
-0.66714,999,526.751381
-0.713805,999,527.178998
-0.741629,999,527.659928
-0.725028,999,528.092223
-0.718604,999,528.569265
-0.678036,999,528.999883
-0.721846,999,529.475099
-0.700311,999,529.904829
-0.633767,999,530.383314
-0.67438,999,530.818297
-0.671531,999,531.292459
-0.702815,999,531.722297
-0.68965,999,532.200993
-0.75625,999,532.631151
-0.676183,999,533.111751
-0.652557,999,533.543024
-0.699915,999,534.040718
-0.699156,999,534.470731
-0.637689,999,534.948279
-0.659212,999,535.380075
-0.713371,999,535.86217
-0.68603,999,536.291268
-0.656224,999,536.779628
-0.645702,999,537.206209
-0.651846,999,537.684708
-0.612206,999,538.118441
-0.638116,999,538.596464
-0.669271,999,539.014884
-0.601108,999,539.503783
-0.670097,999,539.940697
-0.639076,999,540.417534
-0.611163,999,540.853473
-0.615664,999,541.3296
-0.61814,999,541.798489
-0.634884,999,542.28019
-0.612409,999,542.711011
-0.580284,999,543.203917
-0.666491,999,543.683317
-0.61216,999,544.114606
-0.600333,999,544.591998
-0.640243,999,545.023952
-0.572404,999,545.506053
-0.606527,999,545.95604
-0.605294,999,546.436452
-0.618807,999,546.870074
-0.578388,999,547.355008
-0.640608,999,547.783555
-0.642732,999,548.260433
-0.523141,999,548.691445
-0.56226,999,549.173269
-0.569742,999,549.602863
-0.610755,999,550.086595
-0.59694,999,550.51573
-0.612807,999,550.989652
-0.594722,999,551.420236
-0.569423,999,551.903219
-0.580073,999,552.331968
-0.541948,999,552.812713
-0.583563,999,553.241677
-0.580753,999,553.714937
-0.534903,999,554.143361
-0.544612,999,554.627189
-0.56843,999,555.063275
-0.561796,999,555.540931
-0.555011,999,555.975007
-0.580446,999,556.453259
-0.512169,999,556.882017
-0.543674,999,557.363871
-0.530167,999,557.8164
-0.507032,999,558.29132
-0.537991,999,558.727449
-0.559041,999,559.204267
-0.533864,999,559.633987
-0.572108,999,560.108425
-0.541588,999,560.537454
-0.514655,999,561.021639
-0.522776,999,561.449226
-0.526892,999,561.929383
-0.48886,999,562.35821
-0.50558,999,562.790093
-0.495408,999,563.268473
-0.490117,999,563.700097
-0.491741,999,564.186828
-0.517607,999,564.623524
-0.486574,999,565.108502
-0.504843,999,565.539689
-0.500442,999,566.015306
-0.473236,999,566.446732
-0.529677,999,566.932396
-0.530271,999,567.362206
-0.449155,999,567.845486
-0.48065,999,568.27175
-0.533492,999,568.748123
-0.477456,999,569.171187
-0.473301,999,569.681118
-0.487981,999,570.112649
-0.465336,999,570.590147
-0.481811,999,571.023874
-0.483183,999,571.538695
-0.451854,999,571.967606
-0.480714,999,572.444967
-0.43789,999,572.882806
-0.490026,999,573.37508
-0.444412,999,573.841323
-0.463506,999,574.321077
-0.474618,999,574.749422
-0.471178,999,575.225725
-0.481033,999,575.659177
-0.465803,999,576.142559
-0.471171,999,576.572087
-0.470796,999,577.054627
-0.464252,999,577.483591
-0.447026,999,577.960195
-0.431777,999,578.389613
-0.425157,999,578.875476
-0.461812,999,579.303412
-0.455493,999,579.787981
-0.440781,999,580.216139
-0.480098,999,580.692614
-0.457272,999,581.121107
-0.466344,999,581.550991
-0.443323,999,582.052018
-0.444728,999,582.481593
-0.437833,999,582.968377
-0.4492,999,583.398584
-0.434522,999,583.885062
-0.452792,999,584.314745
-0.395379,999,584.808571
-0.408092,999,585.235996
-0.431823,999,585.713958
-0.409774,999,586.145983
-0.421456,999,586.624028
-0.452124,999,587.053228
-0.394905,999,587.530685
-0.414439,999,587.967303
-0.450551,999,588.445083
-0.400241,999,588.875831
-0.412909,999,589.350861
-0.396789,999,589.777624
-0.40265,999,590.254419
-0.397938,999,590.683699
-0.422556,999,591.15822
-0.448347,999,591.588825
-0.378467,999,592.07289
-0.393291,999,592.50426
-0.402714,999,592.988029
-0.38659,999,593.417488
-0.382161,999,593.915025
-0.400968,999,594.347173
-0.432912,999,594.828631
-0.389558,999,595.254433
-0.39483,999,595.730011
-0.371491,999,596.156394
-0.430159,999,596.634146
-0.364809,999,597.06737
-0.409401,999,597.54423
-0.345371,999,597.979809
-0.359373,999,598.457192
-0.357314,999,598.877105
-0.372616,999,599.359423
-0.37396,999,599.796603
-0.375011,999,600.225948
-0.38924,999,600.698016
-0.350479,999,601.129211
-0.385098,999,601.653084
-0.336473,999,602.080167
-0.380997,999,602.562657
-0.376986,999,602.997639
-0.404103,999,603.521001
-0.375273,999,603.954067
-0.37697,999,604.428703
-0.383479,999,604.855575
-0.346729,999,605.335739
-0.381004,999,605.786304
-0.386579,999,606.259116
-0.380576,999,606.689233
-0.382445,999,607.171123
-0.376128,999,607.600944
-0.336662,999,608.076726
-0.360062,999,608.507571
-0.35345,999,608.990361
-0.326689,999,609.420068
-0.37722,999,609.902302
-0.322435,999,610.330748
-0.332284,999,610.81353
-0.359245,999,611.239785
-0.35505,999,611.725597
-0.358647,999,612.163933
-0.336358,999,612.637335
-0.338804,999,613.069488
-0.320417,999,613.545161
-0.351279,999,613.972077
-0.301987,999,614.449757
-0.316191,999,614.889187
-0.335415,999,615.362508
-0.356918,999,615.795356
-0.359332,999,616.270092
-0.312501,999,616.700845
-0.330022,999,617.179953
-0.302328,999,617.612458
-0.296232,999,618.106417
-0.309902,999,618.53667
-0.30242,999,618.969971
-0.328891,999,619.447045
-0.308333,999,619.8779
-0.31516,999,620.356418
-0.318577,999,620.790241
-0.305721,999,621.268938
-0.320074,999,621.699217
-0.315129,999,622.196328
-0.299422,999,622.735666
-0.318181,999,623.211796
-0.304038,999,623.641225
-0.318388,999,624.123259
-0.292168,999,624.557294
-0.29371,999,625.039461
-0.290875,999,625.469018
-0.313168,999,625.94582
-0.299109,999,626.374068
-0.319757,999,626.860667
-0.292754,999,627.288882
-0.294702,999,627.767726
-0.29255,999,628.201063
-0.279384,999,628.676032
-0.289291,999,629.102275
-0.290483,999,629.596907
-0.282568,999,630.054232
-0.291948,999,630.533446
-0.296142,999,630.968152
-0.260973,999,631.480912
-0.289739,999,631.910462
-0.265841,999,632.385766
-0.269907,999,632.818203
-0.264836,999,633.300251
-0.29035,999,633.778963
-0.266626,999,634.257725
-0.277051,999,634.687903
-0.253393,999,635.165228
-0.29353,999,635.595638
-0.256771,999,636.081404
-0.280332,999,636.511062
-0.300509,999,636.992847
-0.279273,999,637.421565
-0.278612,999,637.851119
-0.261224,999,638.327098
-0.2701,999,638.758941
-0.263016,999,639.258246
-0.268377,999,639.688506
-0.252216,999,640.175206
-0.283177,999,640.603672
-0.262567,999,641.082576
-0.276325,999,641.515057
-0.246839,999,642.012156
-0.249094,999,642.442554
-0.267077,999,642.921454
-0.260766,999,643.349485
-0.247609,999,643.824122
-0.253634,999,644.253258
-0.239286,999,644.732295
-0.251014,999,645.168238
-0.267729,999,645.642572
-0.263974,999,646.078235
-0.277349,999,646.55608
-0.260282,999,646.984323
-0.252271,999,647.462195
-0.253599,999,647.90027
-0.262918,999,648.382268
-0.236518,999,648.81522
-0.267545,999,649.298924
-0.251505,999,649.728729
-0.263583,999,650.206838
-0.229194,999,650.636635
-0.250282,999,651.12079
-0.249762,999,651.547713
-0.234377,999,652.028821
-0.248045,999,652.458906
-0.252136,999,652.937583
-0.234105,999,653.368595
-0.234818,999,653.862552
-0.243697,999,654.293172
-0.218573,999,654.776596
-0.231933,999,655.206664
-0.226174,999,655.683094
-0.253849,999,656.110504
-0.226646,999,656.539846
-0.23907,999,657.02633
-0.228111,999,657.453418
-0.225465,999,657.938915
-0.233428,999,658.367674
-0.232702,999,658.859766
-0.217723,999,659.291788
-0.22226,999,659.779861
-0.221041,999,660.215508
-0.220019,999,660.69267
-0.222537,999,661.123107
-0.214324,999,661.650544
-0.219063,999,662.084638
-0.209555,999,662.558362
-0.235465,999,662.996307
-0.224957,999,663.523588
-0.261545,999,663.957598
-0.222552,999,664.433479
-0.200296,999,664.874247
-0.220533,999,665.35468
-0.211685,999,665.799194
-0.235613,999,666.276612
-0.217725,999,666.704865
-0.228128,999,667.186108
-0.219801,999,667.614703
-0.233542,999,668.093466
-0.212035,999,668.523128
-0.201964,999,669.007991
-0.203085,999,669.436099
-0.216922,999,669.912752
-0.207977,999,670.341724
-0.20217,999,670.818333
-0.202688,999,671.245999
-0.208536,999,671.723803
-0.20944,999,672.15826
-0.204322,999,672.633678
-0.205417,999,673.068861
-0.198132,999,673.544816
-0.206468,999,673.974961
-0.200326,999,674.446821
-0.198579,999,674.887565
-0.195987,999,675.315356
-0.201093,999,675.792373
-0.188693,999,676.224509
-0.208344,999,676.70792
-0.199119,999,677.138374
-0.19061,999,677.619179
-0.19152,999,678.069625
-0.208687,999,678.546238
-0.186069,999,678.97996
-0.203176,999,679.45653
-0.185461,999,679.886989
-0.196994,999,680.363544
-0.20187,999,680.793943
-0.197951,999,681.273794
-0.192314,999,681.703505
-0.190687,999,682.186396
-0.198544,999,682.61677
-0.18455,999,683.093908
-0.185511,999,683.523896
-0.191598,999,684.005493
-0.184973,999,684.441809
-0.186078,999,684.923061
-0.178036,999,685.351401
-0.179225,999,685.832146
-0.189756,999,686.258826
-0.185632,999,686.740049
-0.187618,999,687.175646
-0.172551,999,687.652609
-0.183909,999,688.085752
-0.199408,999,688.562251
-0.184356,999,688.983264
-0.178231,999,689.469292
-0.171322,999,689.919319
-0.200276,999,690.394291
-0.17864,999,690.825478
-0.188794,999,691.301562
-0.175089,999,691.775285
-0.178887,999,692.362923
-0.185539,999,692.888074
-0.176332,999,693.545714
-0.174029,999,694.099205
-0.178813,999,694.654493
-0.163072,999,695.184534
-0.179591,999,695.614618
-0.164,999,696.105249
-0.171538,999,696.532483
-0.180903,999,697.022806
-0.162817,999,697.460249
-0.162601,999,697.93598
-0.165947,999,698.361339
-0.171209,999,698.840988
-0.16136,999,699.269164
-0.171369,999,699.744762
-0.15837,999,700.179158
-0.162526,999,700.653648
-0.154244,999,701.080736
-0.165373,999,701.557815
-0.166194,999,702.009182
-0.160681,999,702.485034
-0.149023,999,702.923659
-0.160762,999,703.398064
-0.15368,999,703.827843
-0.155002,999,704.302791
-0.160031,999,704.73404
-0.162038,999,705.221613
-0.169918,999,705.650662
-0.16592,999,706.135897
-0.157914,999,706.565379
-0.150855,999,707.041035
-0.154502,999,707.467586
-0.147709,999,707.95421
-0.149049,999,708.392755
-0.162533,999,708.870716
-0.150764,999,709.299537
-0.152407,999,709.774801
-0.15868,999,710.202756
-0.161545,999,710.680217
-0.152621,999,711.115391
-0.150167,999,711.589007
-0.157026,999,712.025591
-0.151124,999,712.503516
-0.147216,999,712.933025
-0.159447,999,713.364148
-0.161406,999,713.86496
-0.152114,999,714.293532
-0.152216,999,714.775906
-0.145002,999,715.206391
-0.135039,999,715.685201
-0.141392,999,716.113296
-0.142678,999,716.588675
-0.158242,999,717.023405
-0.151792,999,717.502061
-0.157764,999,717.935342
-0.152367,999,718.410396
-0.158539,999,718.834136
-0.139973,999,719.314823
-0.153436,999,719.742496
-0.153801,999,720.226076
-0.148432,999,720.656367
-0.15193,999,721.134776
-0.146848,999,721.60153
-0.140407,999,722.080022
-0.142029,999,722.508731
-0.150825,999,722.994041
-0.151527,999,723.468179
-0.127771,999,723.957597
-0.142122,999,724.387679
-0.141689,999,724.865828
-0.141955,999,725.297349
-0.145314,999,725.79311
-0.128741,999,726.222729
-0.139469,999,726.701509
-0.133813,999,727.135649
-0.142428,999,727.610799
-0.139994,999,728.040248
-0.135815,999,728.51774
-0.135738,999,728.953658
-0.139627,999,729.429924
-0.138153,999,729.864134
-0.130993,999,730.341696
-0.146664,999,730.768285
-0.143019,999,731.242524
-0.14022,999,731.672654
-0.141052,999,732.108133
-0.123092,999,732.585733
-0.13088,999,733.017762
-0.129689,999,733.498559
-0.139662,999,733.927594
-0.130215,999,734.406368
-0.127501,999,734.832623
-0.133853,999,735.319774
-0.120644,999,735.749926
-0.13463,999,736.242565
-0.13304,999,736.674179
-0.126193,999,737.147829
-0.127458,999,737.580409
-0.144092,999,738.076503
-0.133256,999,738.505006
-0.132771,999,738.983238
-0.12281,999,739.414806
-0.130455,999,739.895424
-0.122026,999,740.324807
-0.127406,999,740.800503
-0.125159,999,741.236796
-0.127286,999,741.713781
-0.138048,999,742.152211
-0.130787,999,742.633729
-0.123208,999,743.062666
-0.132591,999,743.541863
-0.13677,999,743.976957
-0.133146,999,744.459492
-0.134291,999,744.895389
-0.124138,999,745.374105
-0.141172,999,745.803559
-0.1266,999,746.280215
-0.12497,999,746.711472
-0.120466,999,747.19596
-0.133302,999,747.623356
-0.116939,999,748.104524
-0.119108,999,748.533681
-0.121249,999,749.009152
-0.111592,999,749.445264
-0.121848,999,749.945149
-0.122242,999,750.37207
-0.125407,999,750.801224
-0.122254,999,751.280537
-0.11505,999,751.748639
-0.121079,999,752.229184
-0.120664,999,752.658572
-0.129567,999,753.147494
-0.115793,999,753.623449
-0.116015,999,754.103677
-0.116262,999,754.536454
-0.115948,999,755.015955
-0.110727,999,755.447547
-0.115229,999,755.930787
-0.117543,999,756.361147
-0.115639,999,756.837939
-0.10999,999,757.273371
-0.113317,999,757.752557
-0.115026,999,758.181526
-0.134915,999,758.659276
-0.117515,999,759.100582
-0.122644,999,759.577136
-0.114704,999,760.014025
-0.118891,999,760.490803
-0.109762,999,760.920055
-0.11682,999,761.40302
-0.105187,999,761.860044
-0.117066,999,762.340531
-0.114433,999,762.771037
-0.115124,999,763.249722
-0.108743,999,763.67887
-0.123034,999,764.158547
-0.112415,999,764.588357
-0.1029,999,765.076329
-0.112796,999,765.505153
-0.111071,999,765.986604
-0.11478,999,766.413885
-0.109227,999,766.890771
-0.10463,999,767.32002
-0.10372,999,767.797649
-0.101052,999,768.233117
-0.103363,999,768.710951
-0.110624,999,769.143483
-0.119209,999,769.574117
-0.111534,999,770.049624
-0.111165,999,770.477529
-0.109486,999,770.966877
-0.099335,999,771.392995
-0.107353,999,771.873562
-0.10363,999,772.303348
-0.112446,999,772.781951
-0.107908,999,773.213348
-0.098104,999,773.687479
-0.11558,999,774.140169
-0.107736,999,774.614074
-0.103222,999,775.049094
-0.107486,999,775.525759
-0.101655,999,775.954052
-0.095282,999,776.42746
-0.105012,999,776.865069
-0.104192,999,777.340877
-0.107885,999,777.77164
-0.101357,999,778.254056
-0.102108,999,778.681752
-0.100021,999,779.156707
-0.101495,999,779.597956
-0.105298,999,780.081386
-0.097535,999,780.509402
-0.096469,999,780.995607
-0.100828,999,781.465824
-0.09116,999,781.942702
-0.100235,999,782.370959
-0.091571,999,782.853866
-0.100608,999,783.280432
-0.102109,999,783.806825
-0.108702,999,784.24061
-0.109251,999,784.717848
-0.100539,999,785.150346
-0.105331,999,785.629109
-0.105397,999,786.080476
-0.098432,999,786.555795
-0.09772,999,786.988593
-0.098006,999,787.465476
-0.103965,999,787.894424
-0.098374,999,788.324166
-0.095849,999,788.801611
-0.098543,999,789.236541
-0.097883,999,789.716738
-0.097303,999,790.151039
-0.090967,999,790.633588
-0.092086,999,791.064962
-0.096254,999,791.541367
-0.091819,999,791.976004
-0.094981,999,792.453513
-0.095009,999,792.88736
-0.092931,999,793.363173
-0.091487,999,793.792644
-0.097409,999,794.278487
-0.10174,999,794.709855
-0.096152,999,795.194487
-0.080869,999,795.623228
-0.095782,999,796.103834
-0.094277,999,796.530501
-0.095901,999,797.008413
-0.084958,999,797.441816
-0.095614,999,797.941375
-0.094668,999,798.370614
-0.087243,999,798.853127
-0.081247,999,799.287871
-0.084756,999,799.766382
-0.082965,999,800.194744
-0.078897,999,800.671681
-0.088337,999,801.109354
-0.084059,999,801.585367
-0.083186,999,802.019422
-0.087729,999,802.496034
-0.088119,999,802.92801
-0.07966,999,803.403325
-0.083921,999,803.841404
-0.08326,999,804.32031
-0.084989,999,804.755643
-0.085506,999,805.241756
-0.089169,999,805.669193
-0.085666,999,806.1455
-0.084067,999,806.573748
-0.089006,999,807.009197
-0.082574,999,807.483825
-0.080735,999,807.918122
-0.081171,999,808.401076
-0.079188,999,808.829848
-0.081253,999,809.325126
-0.074483,999,809.766762
-0.081432,999,810.273151
-0.084993,999,810.701764
-0.080638,999,811.181333
-0.077348,999,811.649372
-0.077131,999,812.123904
-0.081634,999,812.552112
-0.079601,999,813.057856
-0.080228,999,813.530405
-0.077733,999,814.01549
-0.07651,999,814.442478
-0.071129,999,814.913773
-0.077298,999,815.341706
-0.078485,999,815.82889
-0.080414,999,816.263767
-0.078258,999,816.73411
-0.076053,999,817.169341
-0.080948,999,817.649622
-0.077882,999,818.079403
-0.072475,999,818.559427
-0.078202,999,818.995494
-0.078733,999,819.470485
-0.08215,999,819.905483
-0.075085,999,820.38187
-0.076329,999,820.810752
-0.078676,999,821.28868
-0.082353,999,821.731994
-0.071526,999,822.224161
-0.071437,999,822.652221
-0.0747,999,823.132235
-0.066327,999,823.561513
-0.076049,999,824.039633
-0.069885,999,824.469182
-0.066794,999,824.94917
-0.075218,999,825.375722
-0.068161,999,825.805448
-0.071569,999,826.28517
-0.069068,999,826.714206
-0.071349,999,827.196726
-0.069375,999,827.626078
-0.07607,999,828.1129
-0.071907,999,828.544353
-0.072727,999,829.025615
-0.068554,999,829.455717
-0.072555,999,829.933446
-0.072812,999,830.362945
-0.066571,999,830.847988
-0.074144,999,831.277936
-0.068363,999,831.755365
-0.073586,999,832.188955
-0.067551,999,832.66705
-0.068567,999,833.100214
-0.075198,999,833.576041
-0.070688,999,834.023356
-0.065653,999,834.496412
-0.063996,999,834.930106
-0.064198,999,835.399221
-0.064714,999,835.823727
-0.0622,999,836.300638
-0.061658,999,836.724398
-0.068657,999,837.207029
-0.069139,999,837.631128
-0.065666,999,838.107442
-0.067891,999,838.526483
-0.064105,999,838.995719
-0.063767,999,839.429807
-0.062574,999,839.916453
-0.061345,999,840.343674
-0.062837,999,840.821258
-0.066718,999,841.253965
-0.059428,999,841.768818
-0.062162,999,842.197272
-0.069777,999,842.676112
-0.06032,999,843.112263
-0.062284,999,843.589662
-0.056584,999,844.068406
-0.065032,999,844.498049
-0.06436,999,844.976516
-0.062165,999,845.407739
-0.062401,999,845.913462
-0.061586,999,846.341053
-0.064857,999,846.825054
-0.061911,999,847.254834
-0.057278,999,847.738625
-0.054887,999,848.167237
-0.056582,999,848.642781
-0.060419,999,849.076924
-0.064208,999,849.553883
-0.063028,999,849.990833
-0.056569,999,850.463419
-0.063347,999,850.889963
-0.059708,999,851.364137
-0.057679,999,851.794495
-0.058624,999,852.275977
-0.060917,999,852.699799
-0.059644,999,853.183778
-0.057834,999,853.611835
-0.061123,999,854.084544
-0.058102,999,854.512206
-0.056306,999,855.003133
-0.057548,999,855.431637
-0.058609,999,855.916334
-0.060758,999,856.343553
-0.063885,999,856.821426
-0.057089,999,857.246961
-0.05966,999,857.735993
-0.059744,999,858.176993
-0.055578,999,858.654275
-0.053451,999,859.087733
-0.054988,999,859.564471
-0.056068,999,859.995026
-0.057232,999,860.473345
-0.0545,999,860.908765
-0.058083,999,861.381864
-0.055235,999,861.813136
-0.058987,999,862.247852
-0.058184,999,862.723264
-0.053844,999,863.154999
-0.051893,999,863.632529
-0.058885,999,864.069625
-0.058529,999,864.555763
-0.056803,999,864.985421
-0.05644,999,865.469629
-0.049147,999,865.89775
-0.049695,999,866.374387
-0.051996,999,866.804857
-0.04999,999,867.289795
-0.051719,999,867.717888
-0.056906,999,868.198102
-0.049361,999,868.626919
-0.05185,999,869.105915
-0.052004,999,869.548428
-0.053014,999,870.043808
-0.053261,999,870.472833
-0.054527,999,870.952155
-0.052852,999,871.386162
-0.054382,999,871.894941
-0.053735,999,872.326196
-0.045762,999,872.80301
-0.052952,999,873.238066
-0.053875,999,873.766847
-0.052578,999,874.199435
-0.049361,999,874.680426
-0.052692,999,875.106934
-0.048308,999,875.58391
-0.049239,999,876.019017
-0.051426,999,876.492815
-0.054001,999,876.927029
-0.052629,999,877.40168
-0.05088,999,877.834227
-0.056411,999,878.311008
-0.049956,999,878.740933
-0.045342,999,879.227159
-0.048178,999,879.656142
-0.053235,999,880.138441
-0.048676,999,880.567208
-0.051191,999,880.997941
-0.051364,999,881.478752
-0.049359,999,881.928833
-0.047349,999,882.406995
-0.046985,999,882.838737
-0.053247,999,883.322255
-0.046779,999,883.75165
-0.04714,999,884.232472
-0.050513,999,884.659978
-0.047546,999,885.156696
-0.048552,999,885.583887
-0.049295,999,886.061618
-0.044576,999,886.489659
-0.049818,999,886.965062
-0.05242,999,887.394461
-0.047548,999,887.881331
-0.046932,999,888.312514
-0.04665,999,888.790009
-0.04934,999,889.224284
-0.046766,999,889.700504
-0.047127,999,890.130389
-0.046934,999,890.605712
-0.050415,999,891.042908
-0.042331,999,891.516254
-0.049433,999,891.950505
-0.043242,999,892.433874
-0.045785,999,892.864126
-0.045817,999,893.35206
-0.044405,999,893.780787
-0.048857,999,894.279122
-0.046451,999,894.708071
-0.047744,999,895.187814
-0.047635,999,895.616937
-0.046185,999,896.094339
-0.044886,999,896.522333
-0.043092,999,897.007758
-0.04624,999,897.437421
-0.043607,999,897.918611
-0.042185,999,898.346786
-0.043649,999,898.827589
-0.043757,999,899.265742
-0.049102,999,899.709347
-0.04348,999,900.192674
-0.046622,999,900.622505
-0.045785,999,901.103312
-0.046512,999,901.574175
-0.044711,999,902.051635
-0.044907,999,902.481118
-0.042038,999,902.969455
-0.039472,999,903.438117
-0.044696,999,903.927829
-0.043054,999,904.363628
-0.042032,999,904.839874
-0.044638,999,905.272107
-0.043254,999,905.747756
-0.043811,999,906.197256
-0.042182,999,906.672969
-0.044865,999,907.095974
-0.042672,999,907.571745
-0.041482,999,908.00231
-0.042999,999,908.478827
-0.042656,999,908.915453
-0.043826,999,909.394726
-0.042435,999,909.825594
-0.042846,999,910.303432
-0.041729,999,910.732591
-0.041423,999,911.214019
-0.045337,999,911.642873
-0.043735,999,912.129375
-0.044835,999,912.558852
-0.040435,999,913.039682
-0.042981,999,913.468256
-0.043272,999,913.947863
-0.040593,999,914.375599
-0.041712,999,914.858959
-0.03961,999,915.289102
-0.042271,999,915.765618
-0.040155,999,916.209804
-0.040181,999,916.683421
-0.03998,999,917.113125
-0.042315,999,917.594938
-0.038839,999,918.046701
-0.041272,999,918.476774
-0.039656,999,918.955389
-0.040687,999,919.384462
-0.037928,999,919.860012
-0.040882,999,920.289854
-0.035895,999,920.769818
-0.040305,999,921.20606
-0.03761,999,921.685243
-0.040774,999,922.120469
-0.039519,999,922.603252
-0.039277,999,923.032966
-0.037245,999,923.509075
-0.039042,999,923.950454
-0.039286,999,924.432821
-0.040607,999,924.864625
-0.041234,999,925.346988
-0.03846,999,925.775594
-0.03722,999,926.249483
-0.038214,999,926.67925
-0.036428,999,927.163124
-0.036219,999,927.59365
-0.039791,999,928.078085
-0.03509,999,928.505103
-0.039338,999,928.985662
-0.040631,999,929.420275
-0.038903,999,929.942947
-0.037967,999,930.372446
-0.038104,999,930.852985
-0.03886,999,931.282518
-0.0375,999,931.79842
-0.036019,999,932.227864
-0.037627,999,932.705999
-0.034727,999,933.140005
-0.035765,999,933.663889
-0.036834,999,934.096762
-0.034358,999,934.574594
-0.03773,999,935.003785
-0.036649,999,935.482583
-0.035087,999,935.919783
-0.036324,999,936.394077
-0.037897,999,936.826267
-0.036674,999,937.25749
-0.033386,999,937.732551
-0.037279,999,938.163202
-0.038394,999,938.640995
-0.036978,999,939.079146
-0.033863,999,939.560008
-0.036664,999,939.993482
-0.035352,999,940.475172
-0.033809,999,940.904073
-0.035759,999,941.381761
-0.033968,999,941.826196
-0.034346,999,942.305399
-0.034443,999,942.736307
-0.035612,999,943.213983
-0.036032,999,943.642677
-0.03651,999,944.117608
-0.036683,999,944.546289
-0.037032,999,945.031418
-0.03528,999,945.462747
-0.035266,999,945.941814
-0.034715,999,946.367162
-0.032076,999,946.842206
-0.033181,999,947.271357
-0.03467,999,947.750783
-0.03425,999,948.186412
-0.033859,999,948.671006
-0.032397,999,949.104228
-0.033383,999,949.583562
-0.035188,999,950.009474
-0.03273,999,950.487641
-0.033612,999,950.924351
-0.032329,999,951.398177
-0.034495,999,951.828421
-0.033065,999,952.307816
-0.033194,999,952.737157
-0.034977,999,953.217593
-0.034721,999,953.647013
-0.032734,999,954.143867
-0.033065,999,954.572253
-0.031389,999,955.052865
-0.030825,999,955.486297
-0.029858,999,955.914904
-0.032185,999,956.392159
-0.032018,999,956.823653
-0.033611,999,957.30723
-0.030905,999,957.734835
-0.031593,999,958.223222
-0.031412,999,958.653083
-0.032718,999,959.12218
-0.026488,999,959.562163
-0.028871,999,960.061016
-0.028644,999,960.486201
-0.031305,999,960.964866
-0.029889,999,961.39942
-0.028071,999,961.907401
-0.030051,999,962.331044
-0.028949,999,962.807497
-0.031085,999,963.240843
-0.029447,999,963.787486
-0.030153,999,964.218737
-0.030176,999,964.69395
-0.031509,999,965.12561
-0.030895,999,965.606622
-0.028672,999,966.060121
-0.028567,999,966.532626
-0.030311,999,966.974664
-0.031844,999,967.456457
-0.031216,999,967.883056
-0.029477,999,968.362129
-0.027239,999,968.792367
-0.030747,999,969.276153
-0.029873,999,969.70389
-0.030198,999,970.182876
-0.028659,999,970.610742
-0.029435,999,971.089132
-0.02947,999,971.51855
-0.026953,999,972.000824
-0.028588,999,972.430276
-0.030054,999,972.91188
-0.028071,999,973.341897
-0.029706,999,973.81964
-0.028655,999,974.250155
-0.029924,999,974.681384
-0.029793,999,975.161065
-0.029291,999,975.588762
-0.028149,999,976.074169
-0.027922,999,976.500928
-0.027871,999,976.983376
-0.030963,999,977.415466
-0.029386,999,977.920273
-0.028131,999,978.349124
-0.028472,999,978.830466
-0.027845,999,979.259459
-0.028335,999,979.732796
-0.026014,999,980.162007
-0.028454,999,980.640156
-0.029373,999,981.07785
-0.029069,999,981.55223
-0.026912,999,981.985355
-0.027873,999,982.461486
-0.027974,999,982.892686
-0.025085,999,983.371044
-0.025744,999,983.798938
-0.029259,999,984.280207
-0.026783,999,984.717642
-0.027153,999,985.198417
-0.02842,999,985.627932
-0.024425,999,986.111254
-0.026889,999,986.539695
-0.026751,999,987.026768
-0.028103,999,987.456371
-0.026022,999,987.940204
-0.030001,999,988.369761
-0.027181,999,988.845414
-0.026097,999,989.273996
-0.025823,999,989.78207
-0.027161,999,990.214534
-0.026805,999,990.690058
-0.025818,999,991.121583
-0.025426,999,991.63583
-0.025878,999,992.064494
-0.026058,999,992.542502
-0.026465,999,992.980402
-0.025499,999,993.452164
-0.02659,999,993.939634
-0.025662,999,994.369314
-0.027626,999,994.845654
-0.024347,999,995.27671
-0.027438,999,995.758995
-0.024967,999,996.194285
-0.024713,999,996.67413
-0.024018,999,997.109303
-0.024737,999,997.593464
-0.024952,999,998.024384
-0.024669,999,998.500099
-0.023524,999,998.937882
-0.024281,999,999.417378
-0.026283,999,999.852185
-0.0254,999,1000.330863
-0.022542,999,1000.760147
-0.02465,999,1001.24015
-0.024791,999,1001.669771
-0.025471,999,1002.16492
-0.024946,999,1002.593385
-0.025246,999,1003.074501
-0.02444,999,1003.503066
-0.023196,999,1003.981074
-0.022365,999,1004.409823
-0.02498,999,1004.901977
-0.023249,999,1005.332855
-0.023159,999,1005.809357
-0.024171,999,1006.242657
-0.023775,999,1006.717106
-0.024179,999,1007.146312
-0.023271,999,1007.623148
-0.023712,999,1008.059097
-0.021095,999,1008.53714
-0.022525,999,1008.973863
-0.022618,999,1009.450377
-0.021717,999,1009.879375
-0.025987,999,1010.354883
-0.022626,999,1010.785301
-0.022805,999,1011.268702
-0.022292,999,1011.697946
-0.02116,999,1012.129889
-0.023203,999,1012.60617
-0.022395,999,1013.036535
-0.024409,999,1013.516705
-0.021972,999,1013.968678
-0.022204,999,1014.450253
-0.023581,999,1014.884073
-0.022801,999,1015.364123
-0.021118,999,1015.794971
-0.02339,999,1016.272385
-0.022333,999,1016.702447
-0.021684,999,1017.181909
-0.02219,999,1017.611358
-0.020862,999,1018.091828
-0.020956,999,1018.520486
-0.023389,999,1018.990414
-0.02193,999,1019.423854
-0.020627,999,1019.906363
-0.021222,999,1020.335287
-0.021737,999,1020.809563
-0.023259,999,1021.242789
-0.021386,999,1021.757277
-0.024246,999,1022.185799
-0.020906,999,1022.77853
-0.021449,999,1023.3625
-0.020064,999,1024.024932
-0.020439,999,1024.583884
-0.021357,999,1025.233857
-0.022724,999,1025.677526
-0.021359,999,1026.174452
-0.021478,999,1026.602896
-0.021149,999,1027.082739
-0.020231,999,1027.512231
-0.021475,999,1027.989582
-0.022029,999,1028.420562
-0.021835,999,1028.906102
-0.019317,999,1029.337217
-0.020909,999,1029.81633
-0.023367,999,1030.249673
-0.022129,999,1030.725201
-0.022102,999,1031.156538
-0.02222,999,1031.586594
-0.020739,999,1032.07115
-0.019299,999,1032.501869
-0.021414,999,1032.981824
-0.021256,999,1033.412162
-0.020261,999,1033.892382
-0.017908,999,1034.32037
-0.021717,999,1034.811145
-0.020718,999,1035.251274
-0.020858,999,1035.727636
-0.018517,999,1036.160891
-0.020845,999,1036.632176
-0.021392,999,1037.061681
-0.021303,999,1037.541967
-0.020223,999,1037.995219
-0.019059,999,1038.47106
-0.01829,999,1038.905145
-0.020107,999,1039.381391
-0.019068,999,1039.810471
-0.019411,999,1040.286338
-0.021038,999,1040.716773
-0.02093,999,1041.198377
-0.018536,999,1041.62571
-0.020322,999,1042.104238
-0.019043,999,1042.532998
-0.018485,999,1043.016296
-0.020169,999,1043.445944
-0.018676,999,1043.949114
-0.020562,999,1044.387327
-0.020459,999,1044.864922
-0.020759,999,1045.302571
-0.018966,999,1045.78215
-0.02105,999,1046.210033
-0.019714,999,1046.6875
-0.020789,999,1047.122917
-0.018901,999,1047.598935
-0.018523,999,1048.029021
-0.020388,999,1048.505088
-0.019025,999,1048.927922
-0.019934,999,1049.41708
-0.018041,999,1049.853517
-0.019416,999,1050.298678
-0.020033,999,1050.77264
-0.018455,999,1051.206035
-0.018178,999,1051.723566
-0.017547,999,1052.152372
-0.017542,999,1052.633305
-0.01973,999,1053.068522
-0.018739,999,1053.592143
-0.017376,999,1054.023078
-0.019012,999,1054.499737
-0.017008,999,1054.927254
-0.018346,999,1055.402425
-0.018458,999,1055.837781
-0.017208,999,1056.315703
-0.016853,999,1056.744929
-0.017407,999,1057.223725
-0.018006,999,1057.652562
-0.016359,999,1058.129926
-0.016789,999,1058.560554
-0.017106,999,1059.045555
-0.017814,999,1059.475079
-0.018436,999,1059.955962
-0.017757,999,1060.385891
-0.016809,999,1060.864214
-0.016998,999,1061.2982
-0.017473,999,1061.78075
-0.017328,999,1062.236066
-0.017602,999,1062.714318
-0.019274,999,1063.146394
-0.016628,999,1063.622257
-0.016649,999,1064.051153
-0.016288,999,1064.529099
-0.015751,999,1064.966686
-0.016689,999,1065.443138
-0.016224,999,1065.877023
-0.016896,999,1066.353288
-0.016342,999,1066.78458
-0.017821,999,1067.261375
-0.015842,999,1067.690745
-0.017154,999,1068.176535
-0.016207,999,1068.605891
-0.015698,999,1069.039209
-0.01556,999,1069.516105
-0.016032,999,1069.944101
-0.016277,999,1070.423708
-0.016951,999,1070.861416
-0.015845,999,1071.343098
-0.017319,999,1071.769797
-0.015948,999,1072.263782
-0.017203,999,1072.693377
-0.01632,999,1073.184279
-0.016098,999,1073.613296
-0.016002,999,1074.112641
-0.016861,999,1074.544497
-0.016083,999,1075.026957
-0.016005,999,1075.456247
-0.01617,999,1075.938714
-0.015675,999,1076.368541
-0.015809,999,1076.851323
-0.015147,999,1077.278119
-0.015349,999,1077.753892
-0.014914,999,1078.189532
-0.015737,999,1078.666473
-0.014814,999,1079.086972
-0.016323,999,1079.576556
-0.016125,999,1080.015068
-0.015132,999,1080.493584
-0.014238,999,1080.929031
-0.014482,999,1081.433501
-0.015126,999,1081.878064
-0.015766,999,1082.352923
-0.015107,999,1082.784904
-0.01579,999,1083.269208
-0.015355,999,1083.745443
-0.015462,999,1084.224172
-0.015368,999,1084.654875
-0.014925,999,1085.131684
-0.013799,999,1085.564812
-0.014944,999,1086.063826
-0.013518,999,1086.493004
-0.015459,999,1086.971204
-0.016047,999,1087.399934
-0.013568,999,1087.827493
-0.015283,999,1088.306492
-0.014584,999,1088.737796
-0.013664,999,1089.22086
-0.015295,999,1089.649451
-0.015269,999,1090.135762
-0.014895,999,1090.565452
-0.015328,999,1091.046209
-0.01495,999,1091.47658
-0.014234,999,1091.961283
-0.013007,999,1092.389597
-0.012706,999,1092.86308
-0.013519,999,1093.295024
-0.013659,999,1093.772297
-0.014282,999,1094.203107
-0.014606,999,1094.681337
-0.015255,999,1095.118749
-0.014633,999,1095.594766
-0.013176,999,1096.027946
-0.014594,999,1096.505632
-0.014681,999,1096.933654
-0.013785,999,1097.418963
-0.013225,999,1097.85863
-0.014586,999,1098.34936
-0.014316,999,1098.77797
-0.014559,999,1099.262205
-0.015096,999,1099.692179
-0.013724,999,1100.172248
-0.014961,999,1100.600168
-0.014956,999,1101.083117
-0.014215,999,1101.511538
-0.013734,999,1101.990947
-0.01405,999,1102.420613
-0.012888,999,1102.89586
-0.013607,999,1103.325392
-0.014552,999,1103.803234
-0.015064,999,1104.239687
-0.01492,999,1104.719029
-0.014064,999,1105.152693
-0.014674,999,1105.629251
-0.013944,999,1106.060273
-0.013516,999,1106.490397
-0.013447,999,1106.973924
-0.014115,999,1107.401648
-0.014326,999,1107.881568
-0.014747,999,1108.32304
-0.013308,999,1108.80394
-0.015146,999,1109.231327
-0.014611,999,1109.717676
-0.014039,999,1110.169624
-0.013655,999,1110.655342
-0.014717,999,1111.090466
-0.01383,999,1111.603607
-0.014247,999,1112.035137
-0.013008,999,1112.512551
-0.014169,999,1112.948352
-0.014007,999,1113.47092
-0.013118,999,1113.906776
-0.013325,999,1114.380522
-0.013273,999,1114.829564
-0.013806,999,1115.306798
-0.012081,999,1115.738422
-0.012524,999,1116.223291
-0.013687,999,1116.652783
-0.012676,999,1117.133669
-0.01267,999,1117.562264
-0.013356,999,1118.056471
-0.013386,999,1118.485067
-0.012786,999,1118.972324
-0.012852,999,1119.403365
-0.0122,999,1119.886985
-0.013271,999,1120.315749
-0.012587,999,1120.791023
-0.012195,999,1121.220466
-0.012544,999,1121.696794
-0.01331,999,1122.14327
-0.012206,999,1122.622163
-0.013174,999,1123.055408
-0.013579,999,1123.5321
-0.012431,999,1123.961228
-0.013066,999,1124.437306
-0.012123,999,1124.876446
-0.013195,999,1125.306899
-0.013525,999,1125.782865
-0.013235,999,1126.215198
-0.012012,999,1126.691004
-0.012745,999,1127.121402
-0.013299,999,1127.599501
-0.012374,999,1128.035541
-0.012504,999,1128.515252
-0.011169,999,1128.945821
-0.012693,999,1129.422268
-0.013091,999,1129.851958
-0.012317,999,1130.328884
-0.012464,999,1130.759227
-0.011835,999,1131.240474
-0.011365,999,1131.668614
-0.011513,999,1132.149672
-0.012156,999,1132.578503
-0.012214,999,1133.055475
-0.012375,999,1133.490374
-0.011397,999,1133.989565
-0.011749,999,1134.420001
-0.011835,999,1134.899639
-0.011548,999,1135.32793
-0.011448,999,1135.801033
-0.012652,999,1136.231329
-0.011843,999,1136.716618
-0.011636,999,1137.149883
-0.010597,999,1137.632163
-0.012111,999,1138.0624
-0.012322,999,1138.543395
-0.011915,999,1138.967781
-0.010874,999,1139.440403
-0.01153,999,1139.888767
-0.011118,999,1140.365806
-0.012284,999,1140.79409
-0.011784,999,1141.274017
-0.010897,999,1141.741281
-0.011457,999,1142.217987
-0.012274,999,1142.647853
-0.011225,999,1143.133383
-0.011203,999,1143.610011
-0.011857,999,1144.043526
-0.010905,999,1144.518908
-0.011634,999,1144.947717
-0.010673,999,1145.428405
-0.01093,999,1145.8831
-0.011302,999,1146.362222
-0.011962,999,1146.792369
-0.01163,999,1147.277969
-0.011447,999,1147.707329
-0.01186,999,1148.190726
-0.01086,999,1148.619936
-0.011153,999,1149.104612
-0.011474,999,1149.535833
-0.011281,999,1150.016268
-0.011767,999,1150.446812
-0.011296,999,1150.919612
-0.012081,999,1151.348933
-0.011123,999,1151.824924
-0.011041,999,1152.262622
-0.011162,999,1152.73815
-0.010764,999,1153.168321
-0.010787,999,1153.646545
-0.01263,999,1154.076518
-0.010543,999,1154.55554
-0.011117,999,1154.993167
-0.010597,999,1155.47573
-0.011077,999,1155.91378
-0.011243,999,1156.391826
-0.010152,999,1156.819668
-0.010842,999,1157.297578
-0.01097,999,1157.729218
-0.011376,999,1158.228549
-0.011379,999,1158.663677
-0.010467,999,1159.144885
-0.011003,999,1159.572207
-0.010922,999,1160.051247
-0.010855,999,1160.480439
-0.01093,999,1160.958515
-0.010758,999,1161.387105
-0.010192,999,1161.871437
-0.01,999,1162.29888
-0.010473,999,1162.728297
-0.010386,999,1163.200901
-0.010128,999,1163.628641
-0.010897,999,1164.11186
-0.010465,999,1164.545708
-0.010169,999,1165.033965
-0.009802,999,1165.461947
-0.010767,999,1165.944301
-0.010773,999,1166.374246
-0.010528,999,1166.858962
-0.011576,999,1167.288969
-0.010129,999,1167.764613
-0.010123,999,1168.198436
-0.010183,999,1168.674024
-0.010418,999,1169.096988
-0.010739,999,1169.585343
-0.010483,999,1170.033284
-0.009752,999,1170.509378
-0.009919,999,1170.941503
-0.010044,999,1171.451883
-0.009861,999,1171.886375
-0.010829,999,1172.361809
-0.009872,999,1172.791454
-0.010304,999,1173.274543
-0.010821,999,1173.747727
-0.010612,999,1174.233002
-0.009773,999,1174.661979
-0.010489,999,1175.141717
-0.010596,999,1175.568669
-0.010788,999,1176.055344
-0.010335,999,1176.486064
-0.01052,999,1176.965111
-0.010839,999,1177.392719
-0.01069,999,1177.870486
-0.01109,999,1178.301211
-0.009957,999,1178.779944
-0.010139,999,1179.214485
-0.010675,999,1179.691896
-0.010997,999,1180.125734
-0.009874,999,1180.603841
-0.010179,999,1181.033515
-0.010085,999,1181.466568
-0.009984,999,1181.964231
-0.010434,999,1182.391349
-0.009814,999,1182.873211
-0.00924,999,1183.304355
-0.010647,999,1183.785345
-0.00995,999,1184.214941
-0.009274,999,1184.697275
-0.009583,999,1185.133055
-0.00954,999,1185.618781
-0.010408,999,1186.052631
-0.009841,999,1186.531174
-0.008785,999,1186.960543
-0.009949,999,1187.4346
-0.010357,999,1187.870748
-0.010003,999,1188.349682
-0.009396,999,1188.778724
-0.010289,999,1189.257618
-0.009261,999,1189.686981
-0.009375,999,1190.164369
-0.009725,999,1190.595883
-0.008721,999,1191.07833
-0.009775,999,1191.507977
-0.008656,999,1191.99095
-0.009665,999,1192.419112
-0.009908,999,1192.90173
-0.009977,999,1193.333961
-0.009846,999,1193.828089
-0.009473,999,1194.258768
-0.009237,999,1194.736158
-0.009444,999,1195.167511
-0.009976,999,1195.641765
-0.009283,999,1196.07022
-0.009344,999,1196.544399
-0.009134,999,1196.979043
-0.009089,999,1197.45757
-0.00889,999,1197.896161
-0.009179,999,1198.412405
-0.008366,999,1198.908029
-0.009297,999,1199.420133
-0.00877,999,1199.858932
-0.009481,999,1200.291658
-0.009659,999,1200.766773
-0.009676,999,1201.203472
-0.009581,999,1201.703158
-0.008903,999,1202.134952
-0.009072,999,1202.617888
-0.008782,999,1203.056034
-0.009323,999,1203.578331
-0.008461,999,1204.017188
-0.009057,999,1204.494831
-0.008977,999,1204.926848
-0.008751,999,1205.407057
-0.009161,999,1205.858416
-0.008914,999,1206.338728
-0.008865,999,1206.771366
-0.00886,999,1207.25143
-0.009149,999,1207.682368
-0.009634,999,1208.157099
-0.00863,999,1208.590236
-0.010115,999,1209.057047
-0.009033,999,1209.481447
-0.008909,999,1209.961609
-0.010088,999,1210.393304
-0.008798,999,1210.871506
-0.009557,999,1211.30054
-0.008623,999,1211.779988
-0.00897,999,1212.216071
-0.008949,999,1212.693209
-0.009151,999,1213.12524
-0.008666,999,1213.60158
-0.008418,999,1214.031851
-0.009134,999,1214.507469
-0.008011,999,1214.942832
-0.009289,999,1215.418906
-0.008625,999,1215.850586
-0.009161,999,1216.33083
-0.008479,999,1216.757671
-0.008804,999,1217.237952
-0.00843,999,1217.669807
-0.008209,999,1218.166694
-0.010112,999,1218.596175
-0.008629,999,1219.035331
-0.008145,999,1219.510439
-0.009003,999,1219.939933
-0.008393,999,1220.418444
-0.009099,999,1220.845767
-0.008806,999,1221.332568
-0.008814,999,1221.761682
-0.007892,999,1222.243733
-0.008269,999,1222.673217
-0.009228,999,1223.14796
-0.008509,999,1223.577031
-0.008428,999,1224.059668
-0.008675,999,1224.496021
-0.00845,999,1224.976735
-0.00792,999,1225.405612
-0.008475,999,1225.881642
-0.007969,999,1226.311684
-0.008789,999,1226.787699
-0.00815,999,1227.224875
-0.008204,999,1227.702392
-0.008096,999,1228.135461
-0.008511,999,1228.612007
-0.00868,999,1229.058468
-0.008153,999,1229.541781
-0.008274,999,1229.994418
-0.008309,999,1230.474757
-0.007903,999,1230.908356
-0.008669,999,1231.391881
-0.008292,999,1231.85419
-0.007826,999,1232.355062
-0.008746,999,1232.78218
-0.007641,999,1233.266958
-0.008368,999,1233.743377
-0.008511,999,1234.223416
-0.007742,999,1234.652999
-0.008255,999,1235.130734
-0.007848,999,1235.561556
-0.008278,999,1236.045064
-0.008558,999,1236.47495
-0.007728,999,1236.952738
-0.008048,999,1237.382178
-0.008315,999,1237.811663
-0.008652,999,1238.290679
-0.008197,999,1238.719593
-0.00829,999,1239.20511
-0.008449,999,1239.634657
-0.008447,999,1240.117293
-0.007858,999,1240.546829
-0.007431,999,1241.023377
-0.007636,999,1241.455292
-0.007774,999,1241.952684
-0.007833,999,1242.384883
-0.008521,999,1242.863899
-0.007957,999,1243.295242
-0.007607,999,1243.771455
-0.007673,999,1244.201898
-0.007864,999,1244.677977
-0.008172,999,1245.109737
-0.00697,999,1245.583693
-0.007621,999,1246.017859
-0.008588,999,1246.495481
-0.008018,999,1246.924787
-0.007513,999,1247.400152
-0.007681,999,1247.830513
-0.007645,999,1248.310572
-0.007724,999,1248.741044
-0.008032,999,1249.227441
-0.007588,999,1249.65701
-0.007471,999,1250.134228
-0.007367,999,1250.564124
-0.007772,999,1251.044229
-0.00773,999,1251.474824
-0.007535,999,1251.954881
-0.008021,999,1252.3847
-0.007853,999,1252.86139
-0.008289,999,1253.292948
-0.008108,999,1253.786654
-0.007372,999,1254.219177
-0.008125,999,1254.695436
-0.007272,999,1255.127828
-0.007699,999,1255.604017
-0.008018,999,1256.031594
-0.007955,999,1256.462651
-0.00843,999,1256.943146
-0.007534,999,1257.371246
-0.00794,999,1257.85107
-0.007827,999,1258.280013
-0.007574,999,1258.757439
-0.008034,999,1259.186625
-0.007907,999,1259.675562
-0.008163,999,1260.111266
-0.006963,999,1260.586557
-0.00776,999,1261.023546
-0.007327,999,1261.53558
-0.007642,999,1261.964384
-0.007381,999,1262.441897
-0.007882,999,1262.875751
-0.007116,999,1263.367661
-0.007456,999,1263.832242
-0.007225,999,1264.311053
-0.008128,999,1264.742315
-0.007491,999,1265.222399
-0.007665,999,1265.655747
-0.007968,999,1266.171074
-0.007445,999,1266.598216
-0.007071,999,1267.077885
-0.007031,999,1267.508651
-0.007531,999,1267.984692
-0.007658,999,1268.415351
-0.007378,999,1268.912509
-0.007386,999,1269.34324
-0.0079,999,1269.821935
-0.007424,999,1270.256273
-0.007246,999,1270.730934
-0.006831,999,1271.16102
-0.007376,999,1271.639308
-0.006636,999,1272.073963
-0.006843,999,1272.549302
-0.006787,999,1272.98186
-0.006799,999,1273.458228
-0.0071,999,1273.888049
-0.007524,999,1274.366069
-0.007485,999,1274.795428
-0.006906,999,1275.232473
-0.007401,999,1275.706852
-0.007149,999,1276.142428
-0.006816,999,1276.617519
-0.007155,999,1277.044992
-0.006992,999,1277.522097
-0.006869,999,1277.97417
-0.007107,999,1278.458113
-0.007447,999,1278.900678
-0.007358,999,1279.376636
-0.007197,999,1279.806289
-0.006856,999,1280.283834
-0.006781,999,1280.713748
-0.00785,999,1281.195752
-0.007219,999,1281.624803
-0.007454,999,1282.106074
-0.007789,999,1282.537818
-0.007401,999,1283.015676
-0.00711,999,1283.448502
-0.007364,999,1283.931252
-0.006834,999,1284.371637
-0.00691,999,1284.852113
-0.006967,999,1285.279767
-0.007077,999,1285.755642
-0.007164,999,1286.185468
-0.007184,999,1286.663207
-0.006858,999,1287.097076
-0.007178,999,1287.575929
-0.006616,999,1288.013188
-0.007155,999,1288.491912
-0.006953,999,1288.917993
-0.007009,999,1289.412413
-0.00702,999,1289.858521
-0.00717,999,1290.336376
-0.006997,999,1290.766789
-0.006851,999,1291.246465
-0.006396,999,1291.712072
-0.007509,999,1292.186055
-0.006741,999,1292.618814
-0.007053,999,1293.09969
-0.006224,999,1293.57447
-0.007053,999,1294.008699
-0.00711,999,1294.486086
-0.006999,999,1294.916749
-0.006784,999,1295.396031
-0.00632,999,1295.832387
-0.006506,999,1296.31582
-0.007047,999,1296.74519
-0.006257,999,1297.226915
-0.006693,999,1297.655669
-0.006376,999,1298.131926
-0.006082,999,1298.563221
-0.005921,999,1299.052095
-0.006699,999,1299.482223
-0.00602,999,1299.963455
-0.006389,999,1300.396603
-0.006451,999,1300.869425
-0.006478,999,1301.302315
-0.00619,999,1301.779984
-0.007043,999,1302.231088
-0.006926,999,1302.708242
-0.007118,999,1303.142437
-0.006386,999,1303.619085
-0.006661,999,1304.052986
-0.006965,999,1304.531952
-0.00693,999,1304.967857
-0.006624,999,1305.443282
-0.006274,999,1305.874753
-0.006389,999,1306.356122
-0.0063,999,1306.783961
-0.006519,999,1307.26061
-0.006285,999,1307.691147
-0.006562,999,1308.171033
-0.006382,999,1308.600838
-0.006601,999,1309.087689
-0.006469,999,1309.518178
-0.006719,999,1309.993433
-0.006445,999,1310.423434
-0.006284,999,1310.907619
-0.006667,999,1311.337902
-0.006271,999,1311.813882
-0.006689,999,1312.244312
-0.006568,999,1312.674185
-0.006694,999,1313.152869
-0.006414,999,1313.584236
-0.006624,999,1314.082199
-0.00628,999,1314.511609
-0.005888,999,1314.993866
-0.006555,999,1315.423651
-0.00648,999,1315.901141
-0.006039,999,1316.332021
-0.006873,999,1316.808725
-0.006281,999,1317.243905
-0.006052,999,1317.721142
-0.006321,999,1318.152394
-0.006124,999,1318.628599
-0.006713,999,1319.08921
-0.006577,999,1319.567616
-0.006498,999,1319.998645
-0.006905,999,1320.474964
-0.006031,999,1320.905898
-0.006995,999,1321.38625
-0.006399,999,1321.849383
-0.006995,999,1322.326587
-0.006523,999,1322.760748
-0.007004,999,1323.43868
-0.00694,999,1324.002022
-0.0076,999,1324.593382
-0.007898,999,1325.159331
-0.007785,999,1325.808017
-0.008117,999,1326.245787
-0.007385,999,1326.726098
-0.007888,999,1327.157753
-0.007941,999,1327.636944
-0.006791,999,1328.066828
-0.007175,999,1328.547255
-0.007035,999,1328.988645
-0.006741,999,1329.468067
-0.00716,999,1329.900689
-0.007169,999,1330.381063
-0.005908,999,1330.806529
-0.006282,999,1331.282787
-0.006425,999,1331.712967
-0.006704,999,1332.148051
-0.006074,999,1332.624379
-0.006812,999,1333.059135
-0.00621,999,1333.535098
-0.006431,999,1333.963201
-0.005802,999,1334.439313
-0.006208,999,1334.877821
-0.005626,999,1335.355555
-0.006056,999,1335.784395
-0.005886,999,1336.264425
-0.005902,999,1336.697248
-0.006034,999,1337.176578
-0.006608,999,1337.608183
-0.005643,999,1338.106262
-0.005855,999,1338.53558
-0.006668,999,1339.022553
-0.006002,999,1339.452182
-0.006092,999,1339.92633
-0.006286,999,1340.356357
-0.005622,999,1340.833136
-0.006203,999,1341.269669
-0.006049,999,1341.745085
-0.005851,999,1342.174827
-0.00597,999,1342.652048
-0.006031,999,1343.080506
-0.006524,999,1343.559295
-0.006375,999,1343.995965
-0.00612,999,1344.47845
-0.006066,999,1344.913601
-0.005709,999,1345.391053
-0.005928,999,1345.820049
-0.005879,999,1346.297183
-0.00557,999,1346.728034
-0.005565,999,1347.213146
-0.00573,999,1347.643402
-0.005306,999,1348.126304
-0.005762,999,1348.557722
-0.00602,999,1349.037019
-0.006207,999,1349.479332
-0.006029,999,1349.979394
-0.00604,999,1350.408938
-0.006429,999,1350.83949
-0.005641,999,1351.313067
-0.00593,999,1351.766116
-0.005247,999,1352.245819
-0.005662,999,1352.677437
-0.005616,999,1353.159264
-0.005737,999,1353.635349
-0.005937,999,1354.115965
-0.005717,999,1354.545936
-0.005483,999,1355.018681
-0.005626,999,1355.448899
-0.006074,999,1355.929428
-0.005244,999,1356.358126
-0.006058,999,1356.833566
-0.005516,999,1357.265103
-0.0055,999,1357.743212
-0.005458,999,1358.171051
-0.005538,999,1358.649669
-0.005066,999,1359.089769
-0.005332,999,1359.564145
-0.006026,999,1359.997552
-0.005123,999,1360.473454
-0.005501,999,1360.901725
-0.005461,999,1361.381594
-0.0056,999,1361.828805
-0.005503,999,1362.309503
-0.005267,999,1362.739468
-0.00553,999,1363.21906
-0.005352,999,1363.648953
-0.00592,999,1364.126669
-0.005063,999,1364.555405
-0.005124,999,1365.038598
-0.005112,999,1365.467331
-0.005402,999,1365.947563
-0.00557,999,1366.379871
-0.005134,999,1366.85202
-0.00518,999,1367.280766
-0.005423,999,1367.759536
-0.004971,999,1368.194184
-0.00511,999,1368.67098
-0.005187,999,1369.110928
-0.005824,999,1369.539514
-0.004998,999,1370.01497
-0.004964,999,1370.44698
-0.00543,999,1370.929446
-0.005318,999,1371.359898
-0.004986,999,1371.839932
-0.005391,999,1372.268355
-0.005345,999,1372.74438
-0.0049,999,1373.175932
-0.005239,999,1373.652993
-0.005255,999,1374.102658
-0.004905,999,1374.57917
-0.005899,999,1375.012952
-0.005613,999,1375.491359
-0.005447,999,1375.918911
