eplenmean,eprewmean,fps,loss/approxkl,loss/clipfrac,loss/policy_entropy,loss/policy_loss,loss/value_loss,misc/explained_variance,misc/nupdates,misc/serial_timesteps,misc/time_elapsed,misc/total_timesteps
200,-1486.662293,1324,0.003516549,0.03261719,1.413016,-0.002388253,6918.026,0.000944257,1,2048,1.546369425,2048
200,-1217.362922,1507,0.002524077,0.02236328,1.4269705,-0.002441975,4478.408,0.026668966,10,20480,14.46788773,20480
200,-1145.577234,1515,0.001939385,0.012353515,1.3975662,-0.000961761,4110.206,0.03872788,20,40960,27.8410721,40960
200,-1194.701223,1478,0.00359638,0.03828125,1.3256104,-0.002830203,3547.1106,0.027828693,30,61440,41.40893348,61440
200,-1128.122538,1453,0.001559604,0.00834961,1.2541742,-0.000287985,5014.022,0.032255948,40,81920,55.24619426,81920
200,-1030.95556,1313,0.003969719,0.043017577,1.1812036,-0.002041669,3289.405,0.034842074,50,102400,69.28143639,102400
200,-1020.30011,1584,0.004727635,0.05620117,1.1273887,-0.003740645,3162.9185,0.037798345,60,122880,83.12688909,122880
200,-942.564058,1313,0.003110798,0.03203125,1.0595253,-0.001395508,2926.487,0.050148129,70,143360,97.90249752,143360
200,-938.7478425,1411,0.002933451,0.026660156,1.0390501,-0.001954065,2417.7134,0.058309555,80,163840,113.0300761,163840
200,-955.4036618,1159,0.002430894,0.020361328,1.0021867,-0.000933142,2736.1108,0.056161344,90,184320,128.734943,184320
200,-938.4485578,1537,0.003843748,0.041015625,0.9496207,-0.001007509,1929.8066,0.057987511,100,204800,142.5035111,204800
200,-842.927732,1568,0.002706245,0.026757812,0.9549862,-0.001333394,1933.5504,0.065052986,110,225280,156.2920272,225280
200,-847.5969583,1569,0.002871975,0.027246093,0.94362783,-0.001562717,1554.7911,0.075408459,120,245760,169.9157738,245760
200,-849.9654186,1554,0.002495739,0.025439452,0.94153225,-0.001634509,1760.6732,0.072784841,130,266240,183.8972973,266240
200,-939.8038235,1430,0.002960835,0.029003907,0.9093131,-0.001022484,2384.3335,0.07230711,140,286720,197.5668008,286720
200,-876.6595586,1594,0.004069305,0.046240233,0.88288593,-0.002630042,3397.9087,0.072290003,150,307200,210.4025109,307200
200,-877.6519404,1597,0.004725292,0.056103516,0.84416664,-0.002684951,3093.008,0.078926682,160,327680,223.1776483,327680
200,-778.3460378,1224,0.002826952,0.027539063,0.7786707,0.000584137,1875.9567,0.104653537,170,348160,236.5850494,348160
200,-809.4311504,1488,0.005300161,0.05756836,0.8272945,-0.000669567,1489.8322,0.130905986,180,368640,250.5561285,368640
200,-652.845765,1532,0.004285671,0.047802735,0.80961895,-0.001571492,1071.5844,0.210134864,190,389120,263.7552422,389120
200,-568.1430029,1495,0.002802553,0.024169922,0.7756268,-0.000272389,1521.8226,0.244780064,200,409600,276.7281081,409600
200,-566.2459825,1580,0.009632153,0.123291016,0.7271335,2.18E-05,1038.967,0.394185901,210,430080,289.5964966,430080
200,-594.8624215,1527,0.004116641,0.047802735,0.7087182,0.001426285,2220.7068,0.366197169,220,450560,303.0346156,450560
200,-577.914643,1591,0.005798309,0.069970705,0.6582042,0.000803205,1302.5363,0.430251598,230,471040,316.3786458,471040
200,-560.9994485,1373,0.008147588,0.09536133,0.634893,0.003241122,1475.8738,0.510243893,240,491520,330.0667283,491520
200,-511.8180137,1526,0.005904921,0.06992187,0.61821914,0.002174267,1194.596,0.55545935,250,512000,343.4531487,512000
200,-577.3037598,1585,0.004937371,0.056933593,0.5609411,-0.001823911,543.38025,0.676202297,260,532480,356.5225516,532480
200,-508.8221301,1364,0.007208298,0.08862305,0.570479,0.000743801,1698.9766,0.570551157,270,552960,369.5605137,552960
200,-484.3478331,1601,0.009256008,0.09863281,0.4827218,-0.001550448,837.2878,0.702610523,280,573440,383.3336644,573440
200,-464.7562617,1608,0.006812733,0.08598633,0.4538351,-0.00308834,290.05048,0.795352563,290,593920,396.0471898,593920
200,-517.0859913,1594,0.006123173,0.05732422,0.46168488,-0.000782225,313.43222,0.777782708,300,614400,408.7848975,614400
200,-591.3061058,1620,0.006877822,0.083740234,0.3783986,0.000132451,1620.607,0.682887942,310,634880,421.4701015,634880
200,-549.1258641,1603,0.003514499,0.03642578,0.36892024,-0.000494006,819.8156,0.715311706,320,655360,434.2781274,655360
200,-558.9395654,1601,0.004891299,0.05517578,0.38537174,0.001066568,940.2868,0.766412199,330,675840,446.9764824,675840
200,-464.8637267,1583,0.005060477,0.051464844,0.31226078,0.001342246,1328.7164,0.745391965,340,696320,459.7486088,696320
200,-488.087256,1518,0.012596455,0.095947266,0.29238686,0.00805095,983.02606,0.777771875,350,716800,473.3823544,716800
200,-391.1024695,1509,0.008216116,0.08544922,0.31342083,0.002603135,252.27031,0.873797596,360,737280,486.8539167,737280
200,-498.2241546,1595,0.00711164,0.07866211,0.25995812,0.003255609,730.61755,0.836761177,370,757760,499.7461118,757760
200,-410.7477878,1577,0.009362828,0.09086914,0.19983724,0.000993286,589.61786,0.830412939,380,778240,512.4967132,778240
200,-629.820233,1610,0.020086933,0.14892578,0.21290722,0.004106976,1898.6926,0.783117995,390,798720,525.3116174,798720
200,-784.2561482,1608,0.00898788,0.09052734,0.20709617,0.001067846,1087.6002,0.771676809,400,819200,538.0210351,819200
200,-666.2341909,1537,0.015667852,0.15151367,0.16872169,0.00386355,805.0625,0.845413163,410,839680,550.8317252,839680
200,-586.7621796,1594,0.009434785,0.100097656,0.1555396,0.003210748,2306.8972,0.761557907,420,860160,563.4769504,860160
200,-729.0436287,1612,0.028876966,0.14487305,0.1382718,0.005822795,1775.7637,0.647555351,430,880640,576.1886107,880640
200,-685.7360214,1601,0.007122217,0.075683594,0.089034714,0.004605744,3391.7856,0.691941023,440,901120,589.0011849,901120
200,-766.0003688,1609,0.012469959,0.115039065,-0.001862561,0.008413168,2919.0625,0.728007466,450,921600,601.716698,921600
200,-821.0947846,1610,0.011345989,0.11435547,-0.041801,0.005381423,2635.5354,0.736813962,460,942080,614.4832654,942080
200,-805.7181756,1609,0.027638728,0.196875,-0.06280562,0.0136896,2527.6726,0.776918262,470,962560,627.1336629,962560
200,-768.8900248,1603,0.025993994,0.18769531,-0.07911201,0.016086807,2125.2617,0.79007028,480,983040,639.8724708,983040
200,-681.6891965,1608,0.017574418,0.13842773,-0.154782,0.007114485,1050.8175,0.835000187,490,1003520,652.5297922,1003520
200,-877.2888541,1600,0.015701007,0.13671875,-0.19804506,0.002852107,1262.7454,0.806579217,500,1024000,665.4133134,1024000
200,-754.5633601,1616,0.013129366,0.086523436,-0.2554058,0.003762911,2793.989,0.716094941,510,1044480,679.2343517,1044480
200,-923.8205548,1572,0.025593504,0.16826172,-0.3194509,0.011150749,2687.7124,0.753287449,520,1064960,694.9775518,1064960
200,-971.5389061,1621,0.021091666,0.14248046,-0.3080049,0.010969905,2252.2126,0.693163663,530,1085440,707.6979304,1085440
200,-910.3810628,1590,0.013182755,0.122558594,-0.37645957,0.004073977,1751.5114,0.706305772,540,1105920,720.4459172,1105920
200,-846.4258146,1600,0.024288407,0.18657227,-0.425461,0.014259483,3413.95,0.531588048,550,1126400,733.2049667,1126400
200,-854.4349347,1612,0.032375135,0.19648437,-0.4860847,0.01758226,1961.4863,0.743336499,560,1146880,746.010884,1146880
200,-921.5973053,1561,0.023504026,0.17626953,-0.5571491,0.013951974,2274.6323,0.72766459,570,1167360,759.0136231,1167360
200,-1015.524175,1609,0.02534441,0.16157226,-0.5998417,0.013273646,1122.6791,0.741551369,580,1187840,771.8145939,1187840
200,-817.1815216,1611,0.05103163,0.1866211,-0.62623596,0.02085309,1972.4199,0.6964885,590,1208320,784.62324,1208320
200,-827.5776903,1599,0.052581597,0.28969726,-0.67187554,0.030600756,1403.4344,0.825037152,600,1228800,797.2636062,1228800
200,-944.146157,1566,0.02170116,0.16513672,-0.72026885,0.0141629,2391.5898,0.75470309,610,1249280,810.0826848,1249280
200,-929.3091095,1599,0.09000547,0.29575196,-0.74758637,0.034692906,2319.5483,0.682087302,620,1269760,822.7723751,1269760
200,-1091.280018,1544,0.15324138,0.20092773,-0.77489144,0.024641462,3035.7124,0.485263407,630,1290240,835.5248366,1290240
200,-1109.501712,1611,0.061449982,0.1921875,-0.7799651,0.01721133,2811.6802,0.524940103,640,1310720,848.2386366,1310720
200,-1008.292926,1600,0.031931117,0.1830078,-0.8033436,0.014203697,2396.909,0.598786891,650,1331200,860.9252338,1331200
200,-914.4955587,1592,0.036257718,0.24609375,-0.8336148,0.019493481,2143.3916,0.768181905,660,1351680,873.8246546,1351680
200,-848.6331983,1569,0.04481462,0.23608398,-0.93352807,0.01238493,1355.7434,0.755602181,670,1372160,886.8644741,1372160
200,-909.2271149,1594,0.034521803,0.18105468,-0.94665325,0.015423807,2537.2456,0.669719756,680,1392640,899.6687716,1392640
200,-892.2481433,1608,0.21482182,0.2614746,-0.9548682,0.026122604,1190.4669,0.840135038,690,1413120,912.334537,1413120
200,-900.5646584,1549,0.04632818,0.25942382,-1.0105442,0.02627281,2445.888,0.794966906,700,1433600,925.0980051,1433600
200,-703.4884645,1599,0.027299553,0.16694336,-1.0694916,0.01273372,2300.3794,0.732833326,710,1454080,937.8381368,1454080
200,-941.8834466,1615,0.04645949,0.25493163,-1.0591251,0.026600894,3437.565,0.661216766,720,1474560,950.5261718,1474560
200,-829.8137013,1598,0.06127141,0.20180663,-1.0376992,0.024508733,2089.767,0.792456165,730,1495040,963.2975833,1495040
200,-931.6470146,1600,0.048375554,0.21884766,-0.99410677,0.019126887,1765.1833,0.835343555,740,1515520,976.8042083,1515520
200,-925.5893062,1590,0.045531992,0.18105468,-1.0600516,0.020923864,2147.9124,0.812018767,750,1536000,989.6121356,1536000
200,-895.1544015,1611,0.045044318,0.21499023,-1.076218,0.01535923,1111.0023,0.819766521,760,1556480,1002.324275,1556480
200,-942.9929203,1532,0.02300874,0.1586914,-1.0648088,0.007787698,3479.5571,0.309242308,770,1576960,1015.122864,1576960
200,-897.2295376,1601,0.11006341,0.26430663,-1.0505044,0.02154924,1274.48,0.798201665,780,1597440,1027.886946,1597440
200,-1033.425113,1596,0.1453583,0.2244629,-1.0900913,0.033753417,2612.4658,0.774906576,790,1617920,1040.677782,1617920
200,-932.1944155,1624,0.18010597,0.22109374,-1.0783509,0.022828784,1891.0883,0.828075543,800,1638400,1053.473925,1638400
200,-892.6609465,1600,0.1316669,0.18964843,-1.0805638,0.016412962,3051.455,0.773528486,810,1658880,1066.139206,1658880
200,-889.9038279,1588,0.51958287,0.22753906,-1.0839722,0.021387443,2132.0498,0.852712512,820,1679360,1078.918574,1679360
200,-825.2637434,1614,0.14325586,0.30693358,-1.0307136,0.03176802,1796.9436,0.832767457,830,1699840,1091.592003,1699840
200,-890.0564914,1402,0.5492417,0.30507812,-1.022718,0.027210072,2316.3901,0.818833962,840,1720320,1104.898205,1720320
200,-881.4785436,1602,0.043557227,0.26083985,-1.0161749,0.023741884,2164.656,0.849749699,850,1740800,1118.154945,1740800
200,-772.7778104,1608,0.05066351,0.23085937,-0.98027813,0.018730566,885.14746,0.889161855,860,1761280,1130.812554,1761280
200,-900.6261434,1623,0.06314469,0.25307617,-0.9341739,0.019825,2711.0647,0.827537298,870,1781760,1143.619958,1781760
200,-963.5920294,1595,0.051891595,0.24384765,-0.88919574,0.021376863,1212.9606,0.886668086,880,1802240,1156.324717,1802240
200,-882.8926642,1601,0.03379649,0.20395508,-0.83623695,0.010605836,2932.8147,0.790930524,890,1822720,1169.102671,1822720
200,-927.2982028,1613,0.033661243,0.2199707,-0.8287922,0.017123405,2826.4001,0.792808488,900,1843200,1181.787574,1843200
200,-941.9112178,1539,0.16921425,0.18945312,-0.8203205,0.02624594,2994.2637,0.749001622,910,1863680,1194.512712,1863680
200,-1033.790641,1600,0.080795154,0.20820312,-0.8640545,0.022092069,2505.7888,0.810663402,920,1884160,1207.162961,1884160
200,-970.556485,1612,0.053173244,0.23330078,-0.8936075,0.015747722,2383.0881,0.75428766,930,1904640,1219.788993,1904640
200,-1269.128335,1596,0.05325499,0.20146485,-0.90424424,0.013985502,2762.0386,0.762811258,940,1925120,1232.581389,1925120
200,-957.3934931,1613,0.054706536,0.2409668,-0.8646928,0.0183711,1826.9584,0.8542054,950,1945600,1245.245574,1945600
200,-1061.425617,1595,0.0664843,0.21176758,-0.89730567,0.018395413,2737.768,0.810823172,960,1966080,1258.052014,1966080
200,-1064.189819,1202,0.045798037,0.24711914,-0.8971097,0.024948126,3335.8438,0.743003696,970,1986560,1271.394143,1986560
200,-906.9201681,1590,0.041508082,0.19150391,-0.83786136,0.013831633,2180.2869,0.857205927,980,2007040,1284.281005,2007040
200,-992.4492904,1602,0.034506403,0.22558594,-0.81570804,0.019579025,2858.3218,0.790290669,990,2027520,1297.076584,2027520
200,-943.9485458,1600,0.03683561,0.23852539,-0.7901786,0.01281184,1668.1404,0.874894008,1000,2048000,1309.698268,2048000
200,-773.9023407,1613,0.04378007,0.18681641,-0.77466166,0.016006062,2535.4692,0.830655694,1010,2068480,1322.481746,2068480
200,-756.3204609,1606,0.0268123,0.18046875,-0.7489494,0.010828724,2273.9482,0.849378183,1020,2088960,1335.150638,2088960
200,-713.7221049,1603,0.040672205,0.20219727,-0.7411485,0.018615158,1321.7539,0.86856018,1030,2109440,1347.951361,2109440
200,-771.0731454,1594,0.039825328,0.23017578,-0.70174944,0.018515304,2678.1372,0.836186796,1040,2129920,1360.641977,2129920
200,-760.9476054,1575,0.034410197,0.19960937,-0.6920836,0.009672959,1163.3495,0.846535102,1050,2150400,1373.356512,2150400
200,-786.659291,1581,0.03373504,0.1671875,-0.7028893,0.009015972,1225.4456,0.851575658,1060,2170880,1386.121246,2170880
200,-846.8093661,1606,0.024619035,0.17260742,-0.674096,0.011747799,2659.4126,0.826516882,1070,2191360,1398.822158,2191360
200,-799.7472799,1605,0.029278412,0.17299804,-0.630144,0.010935686,971.84424,0.89003738,1080,2211840,1411.61981,2211840
200,-786.0665883,1605,0.03388388,0.19501953,-0.643564,0.011794416,1574.0764,0.84410885,1090,2232320,1424.347638,2232320
200,-634.2961063,1595,0.029261854,0.20307617,-0.6333366,0.010831829,1464.4764,0.838210896,1100,2252800,1437.12438,2252800
200,-679.3386352,1593,0.022839403,0.17148438,-0.63740927,0.009467942,1114.3247,0.872567683,1110,2273280,1449.832975,2273280
200,-734.165488,1562,0.02537686,0.18457031,-0.60301775,0.013704206,1592.2288,0.813509792,1120,2293760,1462.552637,2293760
200,-775.5800755,1614,0.040491827,0.18925782,-0.6298018,0.014714395,1090.4666,0.899125673,1130,2314240,1475.263477,2314240
200,-656.4361973,1614,0.030162612,0.2027832,-0.6104325,0.01353029,1698.2253,0.893790983,1140,2334720,1487.951552,2334720
200,-462.4689738,1603,0.048351653,0.1854004,-0.6123335,0.010457438,1019.6372,0.899330713,1150,2355200,1500.752507,2355200
200,-576.0146536,1596,0.03743898,0.24160156,-0.57267296,0.006474478,565.4912,0.910642207,1160,2375680,1513.439819,2375680
200,-522.2628341,1603,0.021854097,0.16035156,-0.5837855,0.009673206,1653.0535,0.904967755,1170,2396160,1526.197982,2396160
200,-371.5341699,1599,0.046798,0.25708008,-0.5234847,0.017190997,593.8522,0.920971975,1180,2416640,1538.90416,2416640
200,-488.553091,1606,0.02073635,0.18916015,-0.56366843,0.011118758,1192.6207,0.9240954,1190,2437120,1551.568337,2437120
200,-535.3580964,1604,0.03944969,0.28891602,-0.53511256,0.011600873,179.03067,0.898725249,1200,2457600,1564.318401,2457600
200,-510.8068406,1598,0.024842825,0.18725586,-0.48274165,0.009045159,613.5219,0.941989616,1210,2478080,1577.905059,2478080
200,-554.5386739,1602,0.0249397,0.1840332,-0.50392365,0.009100379,206.69522,0.950437512,1220,2498560,1590.710491,2498560
200,-425.9783235,1603,0.032566797,0.2177246,-0.44011194,0.012496968,542.08466,0.927014396,1230,2519040,1603.385979,2519040
200,-439.3895878,1589,0.01447436,0.122607425,-0.3689602,0.003382097,470.6656,0.932966158,1240,2539520,1616.196293,2539520
200,-429.3178663,1613,0.03132711,0.24648437,-0.35039687,0.010195158,145.91753,0.944204405,1250,2560000,1628.934831,2560000
200,-449.3978132,1602,0.021316607,0.17651367,-0.42408648,0.004713215,760.06506,0.918528482,1260,2580480,1641.602641,2580480
200,-329.8713993,1409,0.017094081,0.16879883,-0.42754436,-9.90E-05,107.047226,0.936990663,1270,2600960,1654.7677,2600960
200,-408.0960989,1621,0.025159422,0.15996094,-0.47672296,0.006187192,721.8774,0.901236258,1280,2621440,1667.485531,2621440
200,-480.2093504,1607,0.054965544,0.22114258,-0.4650372,0.008420858,721.61926,0.935459584,1290,2641920,1682.132919,2641920
200,-447.4083185,1610,0.021038277,0.1650879,-0.48791385,0.006984492,700.74536,0.902767181,1300,2662400,1704.628439,2662400
200,-498.8540638,1639,0.027718315,0.18564454,-0.55566925,0.005211182,1183.2533,0.905745529,1310,2682880,1717.199009,2682880
200,-459.120432,1323,0.018349262,0.13798828,-0.56696635,0.004904513,1010.778,0.921369061,1320,2703360,1731.65905,2703360
200,-461.8465228,1613,0.041279055,0.21918945,-0.6164826,0.02050815,1531.8911,0.91131302,1330,2723840,1754.091867,2723840
200,-429.0242498,1618,0.036511227,0.23198242,-0.6327185,0.012195707,592.42883,0.88718953,1340,2744320,1766.695948,2744320
200,-508.7799543,1613,0.035478346,0.21943359,-0.6030998,0.015924206,1042.669,0.9144345,1350,2764800,1779.341659,2764800
200,-463.422337,1620,0.024637423,0.21596679,-0.601521,0.006677321,192.00948,0.951837379,1360,2785280,1793.740374,2785280
200,-374.6995107,1566,0.024228279,0.18735352,-0.5850516,0.008703066,1458.5739,0.918332398,1370,2805760,1816.083106,2805760
200,-310.7530523,1634,0.019158766,0.1453125,-0.5045657,0.005194628,448.45224,0.944047403,1380,2826240,1828.716487,2826240
200,-297.3970273,1442,0.019809395,0.15561524,-0.4602391,0.009315095,702.83777,0.943488583,1390,2846720,1844.416479,2846720
200,-284.3301748,1599,0.022599343,0.1630371,-0.4431812,0.002284355,189.08884,0.970074764,1400,2867200,1857.235519,2867200
200,-298.1874873,1299,0.036828868,0.18466797,-0.34613317,0.0057916,246.5503,0.85207513,1410,2887680,1870.209452,2887680
200,-448.0825771,1612,0.021877978,0.16601562,-0.24396928,0.010123746,979.277,0.858579695,1420,2908160,1883.464089,2908160
200,-326.993244,1602,0.025948241,0.21669921,-0.21607573,0.005100176,5.1096888,0.990281948,1430,2928640,1896.195679,2928640
200,-391.5301598,1614,0.012235938,0.12641601,-0.16802295,-0.000233705,735.6461,0.918352328,1440,2949120,1908.825518,2949120
200,-308.5952601,1603,0.047388308,0.17114258,-0.17384467,0.004571804,8.70624,0.988812416,1450,2969600,1921.593956,2969600
200,-271.0510734,1617,0.01101378,0.10253906,-0.25761193,0.002375755,452.77985,0.944046549,1460,2990080,1934.368864,2990080
200,-214.8870922,1616,0.01584844,0.08515625,-0.38028604,0.000416359,472.36655,0.945328217,1470,3010560,1947.099112,3010560
200,-316.8256925,1397,0.022560952,0.13354492,-0.38535738,0.011601467,277.09134,0.963005457,1480,3031040,1959.956956,3031040
200,-328.0396292,1556,0.019571755,0.18334961,-0.3290319,0.00945683,13.985639,0.985725611,1490,3051520,1973.11595,3051520
200,-238.6178013,1616,0.02983512,0.14604492,-0.2453342,0.0063948,44.911514,0.960844018,1500,3072000,1985.83036,3072000
200,-296.2024548,1603,0.012426011,0.11069336,-0.21527247,0.001431727,15.249064,0.987313347,1510,3092480,1998.492989,3092480
200,-228.2225305,1603,0.020320067,0.12363281,-0.18016258,0.01036425,242.46167,0.865430847,1520,3112960,2011.273997,3112960
200,-306.801185,1595,0.021456262,0.13476562,-0.13731048,0.005231405,318.88712,0.875527531,1530,3133440,2023.951344,3133440
200,-235.4283875,1598,0.02315506,0.121875,-0.09364699,0.000435574,57.645073,0.929602481,1540,3153920,2036.650688,3153920
200,-247.7241505,1596,0.015587715,0.115478516,0.01756812,0.002119779,9.128466,0.990385828,1550,3174400,2049.29236,3174400
200,-237.1161744,1548,0.011471927,0.12695312,-0.00103039,-1.94E-05,27.526424,0.981909968,1560,3194880,2061.959293,3194880
200,-337.7079584,1610,0.01314381,0.0921875,0.069016576,0.000431518,20.75116,0.982408151,1570,3215360,2074.610539,3215360
200,-223.8117934,1604,0.015514007,0.14086914,0.08339927,-0.006607938,11.310118,0.980533153,1580,3235840,2087.263594,3235840
200,-302.9417283,1583,0.011463642,0.10439453,0.048930906,3.19E-05,476.50128,0.869659021,1590,3256320,2100.008025,3256320
200,-241.7682609,1595,0.011400648,0.1003418,0.07404636,0.004531105,19.461662,0.986082184,1600,3276800,2112.718054,3276800
200,-214.0272478,1611,0.018119745,0.1043457,0.021333503,0.001812503,341.4384,0.812890425,1610,3297280,2125.454847,3297280
200,-288.4254993,1153,0.013568573,0.103271484,0.03282748,0.002311792,941.65576,0.757576838,1620,3317760,2138.796314,3317760
200,-245.2372201,1479,0.015500831,0.07006836,0.15898536,-0.009310581,18.08654,0.985069353,1630,3338240,2153.504824,3338240
200,-216.3222156,1531,0.007139102,0.06523438,0.21035254,-0.004804713,65.66252,0.968684334,1640,3358720,2168.899816,3358720
200,-184.0712816,1588,0.011227905,0.07758789,0.24423234,-0.006269865,19.051111,0.981331743,1650,3379200,2183.711937,3379200
200,-200.384336,1622,0.009075864,0.09291992,0.19466534,0.002852214,148.36746,0.923117936,1660,3399680,2196.829822,3399680
200,-200.5219414,1466,0.026193505,0.15288086,0.2154167,-0.005754416,40.4002,0.972260658,1670,3420160,2211.182371,3420160
200,-166.4099334,1602,0.01307824,0.11987305,0.113527134,-0.001313073,26.509155,0.965637874,1680,3440640,2224.386446,3440640
200,-216.9843055,1625,0.019797217,0.104882814,-0.0522679,0.001855913,230.7109,0.801730126,1690,3461120,2237.64171,3461120
200,-269.197419,915,0.01685771,0.13779297,-0.05624575,-0.012061408,7.1074295,0.992749805,1700,3481600,2252.834914,3481600
200,-188.5084156,1502,0.010229354,0.079394534,-0.05694896,-0.002068278,5.6464014,0.990552431,1710,3502080,2266.969167,3502080
200,-173.7132374,1379,0.019406864,0.1696289,-0.22102216,-0.005051884,2.7354598,0.995202441,1720,3522560,2282.66759,3522560
200,-212.204581,1103,0.014103057,0.10483398,-0.21367958,0.003260023,312.30402,0.834537536,1730,3543040,2301.087905,3543040
200,-262.1036434,1456,0.018032402,0.16201171,-0.14566886,0.006513015,1045.4631,0.722922564,1740,3563520,2315.439503,3563520
200,-304.2598585,801,0.017834935,0.13486329,-0.03253489,0.001281916,40.058437,0.969400842,1750,3584000,2336.474862,3584000
200,-243.0231911,1308,0.0110596,0.12060547,-0.041090783,0.00397356,701.0917,0.769561172,1760,3604480,2350.960348,3604480
200,-260.1739074,1454,0.011866414,0.113623045,0.05090477,-0.003835746,109.135544,0.943402331,1770,3624960,2365.632297,3624960
200,-182.1726605,873,0.012658182,0.0890625,-0.003294477,-0.002932926,35.382797,0.959227629,1780,3645440,2381.768962,3645440
200,-187.6876402,1362,0.016608644,0.128125,-0.097077355,0.000512043,66.62453,0.937725652,1790,3665920,2397.969093,3665920
200,-195.4522903,1365,0.011627442,0.12792969,-0.10419317,-0.005983512,6.45815,0.993731,1800,3686400,2414.795906,3686400
200,-201.705156,1482,0.015563053,0.15029296,-0.065806285,0.002391975,6.191153,0.990294845,1810,3706880,2429.212988,3706880
200,-244.0344297,1445,0.05804615,0.09946289,-0.00534615,-0.008340824,36.068775,0.953652088,1820,3727360,2443.171589,3727360
200,-195.7746519,1330,0.011244907,0.12006836,0.05309192,-0.000677312,3.5275264,0.993933613,1830,3747840,2458.848076,3747840
200,-160.0511894,1488,0.015171873,0.072314456,0.03747992,-0.00131994,22.904036,0.963036228,1840,3768320,2475.7334,3768320
200,-175.3988762,1538,0.011987231,0.099169925,-0.01524788,-0.004577794,4.4979386,0.990897682,1850,3788800,2492.160184,3788800
200,-178.8679448,996,0.01730821,0.09863281,0.02047658,-0.006516193,21.143595,0.981713388,1860,3809280,2508.544238,3809280
200,-150.6113456,1375,0.010278874,0.103515625,-0.095761634,-0.006083364,3.4898925,0.995687432,1870,3829760,2526.771722,3829760
200,-160.9195245,1100,0.017435517,0.14018555,-0.17021152,-0.005064851,6.0770855,0.990929603,1880,3850240,2542.388914,3850240
200,-280.8980405,1505,0.011947514,0.09921875,-0.15780564,-0.001039591,186.43338,0.851551622,1890,3870720,2557.004325,3870720
200,-258.4679172,1591,0.02576023,0.1694336,-0.121159196,0.001643367,43.187496,0.937778775,1900,3891200,2570.577699,3891200
200,-263.8445826,1601,0.017521614,0.14829102,-0.056609534,-0.005720296,2.9218411,0.995934348,1910,3911680,2583.607401,3911680
200,-321.1563712,1521,0.012346336,0.11782227,0.049774345,0.002832497,314.45795,0.836162895,1920,3932160,2596.506864,3932160
200,-185.9409537,1605,0.018955212,0.10048828,0.00289654,-0.014374251,16.436457,0.986189894,1930,3952640,2610.779459,3952640
200,-162.8905567,1607,0.011315933,0.10361328,-0.116330385,-0.005873441,1.436172,0.99763522,1940,3973120,2623.530918,3973120
200,-167.5459898,1613,0.028847372,0.13334961,-0.23112425,-0.006894924,20.918446,0.972341586,1950,3993600,2636.788944,3993600
200,-162.2888673,1605,0.014608027,0.13046876,-0.3767627,-0.009487778,1.2175559,0.99793972,1960,4014080,2649.531373,4014080
200,-150.5294128,1535,0.01783428,0.13769531,-0.5063659,-0.001803053,0.66706026,0.998787802,1970,4034560,2663.438405,4034560
200,-151.8840346,1407,0.022242287,0.17978516,-0.5376116,0.000595472,2.61244,0.995855593,1980,4055040,2677.861075,4055040
200,-161.7066807,1592,0.024630275,0.14423828,-0.57998884,-0.006146406,2.474899,0.995213126,1990,4075520,2693.182221,4075520
200,-146.3096525,1487,0.029901534,0.22929688,-0.6912368,-0.003063836,0.74541295,0.998462434,2000,4096000,2707.482513,4096000
200,-150.0498035,1143,0.043110736,0.19418946,-0.7675554,-0.002939363,0.935147,0.998262051,2010,4116480,2722.562464,4116480
200,-154.1591181,1602,0.1522629,0.20097657,-0.86275256,0.007305067,7.984563,0.988508414,2020,4136960,2735.771891,4136960
200,-146.6206669,1609,0.12918642,0.20844726,-0.85162896,0.008260928,0.09941796,0.999678401,2030,4157440,2749.358717,4157440
200,-155.7142788,1486,0.05055972,0.24023438,-0.9175869,0.004525781,1.9126132,0.997929378,2040,4177920,2762.815346,4177920
200,-144.3801672,1596,0.051742993,0.21347657,-0.96367633,0.008624368,1.5040324,0.997772765,2050,4198400,2778.376709,4198400
200,-147.9165911,1296,0.082721025,0.26103514,-1.0515138,0.011462249,5.5502963,0.987857389,2060,4218880,2793.145417,4218880
200,-165.1896351,1609,0.042678606,0.21147461,-1.0587901,0.021892881,9.947626,0.987313982,2070,4239360,2806.831315,4239360
200,-143.6250617,1584,0.0436307,0.21884766,-1.0898159,0.016079169,3.6935322,0.993491125,2080,4259840,2819.666479,4259840
200,-145.355956,1622,0.09597415,0.21083984,-1.1618053,0.000123102,1.8388169,0.997091632,2090,4280320,2833.197143,4280320
200,-149.6760191,1241,0.21564691,0.22592774,-1.159955,0.0363905,3.1272588,0.996637787,2100,4300800,2847.201615,4300800
200,-158.639582,1400,0.08279432,0.20825195,-1.1564963,0.012489659,6.5999436,0.991978761,2110,4321280,2864.851528,4321280
200,-142.935172,791,0.07217133,0.2722168,-1.1904567,0.007943073,0.12794186,0.999673934,2120,4341760,2880.717233,4341760
200,-157.9439524,1379,0.12266986,0.23398438,-1.2487438,-0.002858495,1.4859846,0.997364918,2130,4362240,2895.228639,4362240
200,-156.3544695,1601,0.1373611,0.37636718,-1.2577486,0.018724032,0.08343121,0.999770123,2140,4382720,2908.660115,4382720
200,-170.5456669,1580,0.06978608,0.22231445,-1.2858291,0.013812711,2.444075,0.998050983,2150,4403200,2921.464853,4403200
200,-160.703104,1545,0.13072409,0.24248047,-1.2854363,0.008609558,0.25216725,0.999432326,2160,4423680,2934.281572,4423680
200,-162.8274157,866,0.11089512,0.27089843,-1.2776437,0.0168865,0.36257637,0.999303689,2170,4444160,2949.495625,4444160
200,-256.9776026,1411,0.10424409,0.28554687,-1.2188461,0.01649741,576.1076,0.788802505,2180,4464640,2965.75565,4464640
200,-169.6082296,1476,0.16783985,0.22719726,-1.2357887,0.040549215,10.5645485,0.987745665,2190,4485120,2980.459754,4485120
200,-145.0826801,1548,0.0884797,0.2821289,-1.2362727,0.016829196,1.624168,0.996888944,2200,4505600,2994.074532,4505600
200,-156.3037749,1460,0.49218693,0.26518553,-1.2180083,-0.003752739,3.1876073,0.995396538,2210,4526080,3008.976651,4526080
200,-150.6751189,1285,0.09896234,0.23413086,-1.2685724,0.004868608,1.246619,0.997828242,2220,4546560,3024.109617,4546560
200,-157.8354178,1560,0.9816731,0.23100586,-1.3236201,-0.003430744,18.274618,0.971114734,2230,4567040,3038.614227,4567040
200,-153.8789616,1385,0.364551,0.2663086,-1.3015816,0.010354919,1.1260425,0.998419826,2240,4587520,3051.988008,4587520
200,-160.0746562,1615,0.08475892,0.2527832,-1.3083093,0.018841837,4.8437657,0.994570273,2250,4608000,3065.021035,4608000
200,-143.0930714,1600,0.18704495,0.22216797,-1.3224876,0.017314654,0.28097075,0.999402023,2260,4628480,3078.778314,4628480
200,-144.2139496,1600,0.19021174,0.29550782,-1.3327643,0.021525145,0.09269816,0.999490967,2270,4648960,3091.61773,4648960
200,-155.9259734,1599,0.08618774,0.18276367,-1.2818477,0.010220354,2.0971234,0.998144498,2280,4669440,3104.287215,4669440
200,-157.2891709,1611,0.15870635,0.20454101,-1.1878145,0.004012419,1.3033533,0.998023718,2290,4689920,3117.009296,4689920
200,-142.8547414,1601,0.14603388,0.19848633,-1.1942992,-0.004812955,6.6595755,0.992798795,2300,4710400,3129.791714,4710400
200,-139.252583,1530,0.1041759,0.28139648,-1.266563,0.005861638,0.23711662,0.99954187,2310,4730880,3142.525172,4730880
200,-147.8199699,1598,0.12230901,0.27939454,-1.2886593,0.010723488,2.3782659,0.995813443,2320,4751360,3155.270649,4751360
200,-168.3306158,1609,1.1367218,0.25527343,-1.2817863,-0.003973295,54.777718,0.959360301,2330,4771840,3167.907701,4771840
200,-208.6865493,1603,0.2856962,0.22802734,-1.2481332,0.004496639,21.824492,0.982034005,2340,4792320,3180.667999,4792320
200,-180.902142,1616,0.3830024,0.2581543,-1.2804532,0.052024383,15.803537,0.974968616,2350,4812800,3193.32606,4812800
200,-182.0849729,1610,0.35878217,0.21831055,-1.2811615,0.019097488,24.420996,0.984015979,2360,4833280,3206.111622,4833280
200,-186.5115473,1601,0.30299377,0.21489258,-1.3130715,0.008625424,11.403728,0.992149119,2370,4853760,3218.80312,4853760
200,-187.6528633,1590,0.20339103,0.2815918,-1.288535,0.020608732,3.063442,0.996953697,2380,4874240,3231.468723,4874240
200,-175.7245715,1598,0.37693024,0.24067383,-1.3076823,-0.004846185,66.12773,0.980664494,2390,4894720,3244.231996,4894720
200,-226.999454,1227,0.0656007,0.18378906,-1.2285802,0.021239748,520.99677,0.930367097,2400,4915200,3258.873023,4915200
200,-202.5323555,1368,0.072432935,0.18051758,-1.179517,0.020207707,14.01965,0.990930673,2410,4935680,3273.169277,4935680
200,-176.7457978,1297,0.46275863,0.20444337,-1.1385486,0.000461245,30.280445,0.969732633,2420,4956160,3288.414609,4956160
200,-202.9855679,1590,0.107034124,0.24467774,-1.1005661,0.019912964,19.928259,0.987810392,2430,4976640,3302.346295,4976640
200,-237.7379459,1384,0.027848905,0.2274414,-1.0028744,0.008428449,718.26556,0.939505871,2440,4997120,3317.38501,4997120
200,-285.096889,1469,0.2385149,0.26210937,-0.93582475,0.022797871,14.026953,0.981342968,2450,5017600,3332.291033,5017600
200,-182.1614668,1491,0.39865404,0.19541016,-0.963775,-0.004685151,10.549596,0.990667629,2460,5038080,3348.157978,5038080
200,-290.5119139,1534,0.054579545,0.21191406,-0.9620927,0.013253987,975.83105,0.929070309,2470,5058560,3362.810725,5058560
200,-283.7535917,1308,0.15608823,0.22919922,-0.8944589,0.009944876,1.1100404,0.998587257,2480,5079040,3378.798594,5079040
200,-265.7188678,1291,0.029573593,0.1897461,-0.86356294,0.009873558,533.8962,0.938269708,2490,5099520,3393.506922,5099520
200,-280.8262387,1509,0.090691894,0.15571289,-0.763294,-0.003750062,8.7518,0.992564717,2500,5120000,3408.664715,5120000
200,-261.8637342,1362,0.18330318,0.18989258,-0.7699626,-0.000795914,192.7401,0.959092937,2510,5140480,3422.82101,5140480
200,-298.0844367,1559,0.03355181,0.13398437,-0.6727542,0.010302687,523.97327,0.931747757,2520,5160960,3436.819466,5160960
200,-315.81114,1572,0.04798816,0.18310547,-0.609465,-0.002810671,1.1554474,0.998325057,2530,5181440,3454.683637,5181440
200,-290.9509966,1251,0.22279742,0.14462891,-0.4519629,-0.006016727,23.504116,0.966676418,2540,5201920,3469.489175,5201920
200,-302.8648361,1439,0.019561555,0.15795898,-0.39224607,0.007660657,459.90454,0.933054797,2550,5222400,3484.917143,5222400
200,-378.917675,1555,0.011395451,0.12460937,-0.3802876,0.007115645,900.96893,0.92880439,2560,5242880,3499.387117,5242880
200,-295.9083688,1507,0.06430369,0.15449218,-0.40758687,0.001618672,11.805655,0.985235837,2570,5263360,3515.061802,5263360
200,-304.0944435,1583,0.019766062,0.12036133,-0.4153684,0.004932371,20.572578,0.989370116,2580,5283840,3529.390207,5283840
200,-253.5578886,1625,0.16770506,0.1621582,-0.43540615,-0.005257648,7.8392677,0.990777686,2590,5304320,3542.199316,5304320
200,-368.8623241,1602,0.01772815,0.14057617,-0.41041225,0.007129526,433.2374,0.933153227,2600,5324800,3554.920563,5324800
200,-279.2580473,1589,0.024551218,0.19912109,-0.32318905,-0.006001721,8.792844,0.987225211,2610,5345280,3567.88843,5345280
200,-261.7647356,1602,0.014214786,0.08286133,-0.3063951,0.003823799,415.58136,0.935801439,2620,5365760,3580.645486,5365760
200,-271.2888441,1637,0.041244213,0.16015625,-0.326436,0.001866136,12.36292,0.988577913,2630,5386240,3593.259101,5386240
200,-271.7743544,1599,0.07931922,0.11743164,-0.34594047,0.004263463,3.8602607,0.995114276,2640,5406720,3606.02007,5406720
200,-241.3504285,1609,0.013936406,0.10610352,-0.34413618,0.005860112,400.83844,0.932127491,2650,5427200,3618.72612,5427200
200,-345.3312883,1626,0.057079934,0.19414063,-0.28044283,-0.000626618,7.063871,0.990898528,2660,5447680,3631.518462,5447680
200,-359.8399068,1612,0.012229043,0.1270996,-0.2705158,0.005957996,807.41187,0.929794952,2670,5468160,3644.179268,5468160
200,-242.9571967,1611,0.04353701,0.1109375,-0.27582806,-0.007988141,61.294086,0.979110684,2680,5488640,3656.974848,5488640
200,-346.603175,1595,0.026753083,0.1349121,-0.18069509,-0.002031263,44.690533,0.975989405,2690,5509120,3669.713586,5509120
200,-276.4941812,1622,0.010257156,0.097509764,-0.16233513,0.002856544,377.1076,0.937868536,2700,5529600,3683.388342,5529600
200,-237.2170279,1594,0.010824262,0.07626953,-0.18916118,0.007514092,98.69878,0.972237216,2710,5550080,3696.187749,5550080
200,-319.1839042,1624,0.010401421,0.10830078,-0.1084587,0.001219062,557.3361,0.944720518,2720,5570560,3708.845239,5570560
200,-315.7006624,1608,0.015009726,0.11000977,-0.18326145,0.004413433,264.87,0.955027737,2730,5591040,3721.765956,5591040
200,-289.7328803,1579,0.029298272,0.11147461,-0.11131145,-0.008256493,3.167386,0.996709463,2740,5611520,3734.454719,5611520
200,-269.9238444,1614,0.006693979,0.061865233,-0.04565054,0.002746859,339.0135,0.941189718,2750,5632000,3747.231316,5632000
200,-326.2935017,1618,0.00603354,0.073632814,-0.011497064,0.002248373,1022.9702,0.926369429,2760,5652480,3759.94241,5652480
200,-307.362994,1561,0.011014127,0.08955078,-0.007697341,0.002578707,559.93616,0.946111228,2770,5672960,3772.679073,5672960
200,-336.7123593,1614,0.006066004,0.06010742,-0.007047036,0.001096851,337.9637,0.944268301,2780,5693440,3785.454223,5693440
200,-266.1196841,1290,0.013419618,0.08515625,0.041536815,0.003414388,335.24615,0.947525077,2790,5713920,3798.573117,5713920
200,-389.9532981,1624,0.013389592,0.11796875,0.11842525,0.003105131,717.1166,0.932022557,2800,5734400,3811.537612,5734400
200,-345.3675628,1629,0.016614852,0.11435547,0.18303785,-5.77E-05,2.007503,0.995981315,2810,5754880,3824.181886,5754880
200,-366.7302661,1584,0.012346914,0.11411133,0.21003994,0.005965955,385.03485,0.950475425,2820,5775360,3836.967959,5775360
200,-324.0526395,865,0.028342286,0.14936523,0.28775996,0.001915619,45.216656,0.950342476,2830,5795840,3850.70181,5795840
200,-405.415317,1489,0.005369154,0.054833986,0.3923378,-0.000989892,413.1796,0.948597461,2840,5816320,3865.261506,5816320
200,-397.7068426,1498,0.004302468,0.04008789,0.43888658,-0.00110775,1481.0713,0.918117464,2850,5836800,3881.492952,5836800
200,-354.8520955,1474,0.005789901,0.050390624,0.45608807,0.000731212,417.36172,0.948116686,2860,5857280,3895.367225,5857280
200,-294.5770449,1482,0.003393528,0.02993164,0.4259796,-0.000266981,927.47034,0.941838164,2870,5877760,3909.354183,5877760
200,-356.9825295,1379,0.004645023,0.053955078,0.45612144,0.002950495,358.2198,0.947150234,2880,5898240,3923.282849,5898240
200,-403.0128971,1379,0.00547576,0.058544923,0.50477463,0.003840905,411.258,0.940720141,2890,5918720,3938.957054,5918720
200,-402.8169608,1474,0.004327169,0.047802735,0.51414406,0.001274404,948.66766,0.926204525,2900,5939200,3952.912405,5939200
200,-434.5765563,1391,0.015210047,0.11811523,0.5220078,-0.005759858,6.7406754,0.990649144,2910,5959680,3969.035424,5959680
200,-366.3374874,1475,0.005920383,0.05961914,0.47171178,-0.00307323,908.51984,0.928818226,2920,5980160,3984.149179,5980160
200,-465.0342391,1388,0.002138595,0.015771484,0.4701613,-0.001132536,2036.6566,0.900863945,2930,6000640,3998.195098,6000640
200,-426.5944047,1503,0.00307626,0.02451172,0.44450593,0.00134244,1755.401,0.912600935,2940,6021120,4012.267509,6021120
200,-406.1139644,1504,0.013653363,0.08344726,0.47737622,-0.008042214,9.98918,0.987772009,2950,6041600,4026.672487,6041600
200,-409.2790296,1581,0.013206748,0.09213867,0.53998214,-0.007003684,11.6448145,0.98526271,2960,6062080,4040.657935,6062080